,ocv_values,soc_values
0,2.5,0.0
1,2.711423799804763,0.01
2,2.7289001141690203,0.011
3,2.7457994405412993,0.011999999999999999
4,2.7621417562091937,0.012999999999999998
5,2.777946367280436,0.013999999999999997
6,2.7932319322742485,0.014999999999999996
7,2.808016484930846,0.015999999999999993
8,2.822317456267255,0.016999999999999994
9,2.8361516959062927,0.017999999999999995
10,2.8495354927047005,0.018999999999999993
11,2.86248459470546,0.01999999999999999
12,2.8750142284383142,0.02099999999999999
13,2.8871391175917736,0.021999999999999992
14,2.898873501078775,0.02299999999999999
15,2.9102311505175553,0.023999999999999987
16,2.9212253871483322,0.024999999999999988
17,2.931869098205535,0.02599999999999999
18,2.9421747527646263,0.02699999999999999
19,2.952154417081725,0.027999999999999983
20,2.9618197694433333,0.028999999999999984
21,2.971182114542934,0.029999999999999985
22,2.9802523974001613,0.030999999999999986
23,2.98904121683771,0.03199999999999998
24,2.997558838530167,0.03299999999999998
25,3.005815207638305,0.03399999999999998
26,3.013819961041511,0.03499999999999998
27,3.0215824391802086,0.035999999999999976
28,3.0291116975193617,0.03699999999999998
29,3.036416517643213,0.03799999999999998
30,3.0435054179906924,0.03899999999999998
31,3.050386664239921,0.03999999999999997
32,3.0570682793493993,0.040999999999999974
33,3.063558053262545,0.041999999999999975
34,3.0698635522812685,0.042999999999999976
35,3.075992128113315,0.04399999999999998
36,3.0819509265970506,0.04499999999999997
37,3.087746896106404,0.04599999999999997
38,3.0933867956374876,0.04699999999999997
39,3.0988772025775213,0.047999999999999966
40,3.104224520155198,0.04899999999999997
41,3.109434984571018,0.04999999999999997
42,3.1145146718043275,0.05099999999999997
43,3.1194695040931784,0.05199999999999997
44,3.124305256081487,0.052999999999999964
45,3.129027560627117,0.053999999999999965
46,3.13364191426309,0.054999999999999966
47,3.1381536823031504,0.05599999999999996
48,3.142568103581681,0.05699999999999996
49,3.146890294816975,0.05799999999999996
50,3.151125254585904,0.05899999999999996
51,3.155277866897175,0.05999999999999996
52,3.1593529043495296,0.06099999999999996
53,3.1633550308608838,0.06199999999999996
54,3.1672888039537987,0.06299999999999996
55,3.1711586765827517,0.06399999999999995
56,3.174968998488645,0.06499999999999995
57,3.1787240170665756,0.06599999999999995
58,3.1824278777337036,0.06699999999999995
59,3.186084623785094,0.06799999999999995
60,3.189698195727382,0.06899999999999995
61,3.193272430082064,0.06999999999999995
62,3.1968110576529867,0.07099999999999995
63,3.2003177012559823,0.07199999999999994
64,3.203795872912447,0.07299999999999994
65,3.2072489705131653,0.07399999999999994
66,3.210680273964132,0.07499999999999994
67,3.214092940831746,0.07599999999999994
68,3.2174900015115027,0.07699999999999994
69,3.2208743539514133,0.07799999999999994
70,3.2242487579692147,0.07899999999999993
71,3.2276158292107118,0.07999999999999993
72,3.2309780328052793,0.08099999999999993
73,3.234337676783669,0.08199999999999993
74,3.2376969053323887,0.08299999999999993
75,3.2410576919681557,0.08399999999999994
76,3.24442183272474,0.08499999999999994
77,3.2477909394532354,0.08599999999999992
78,3.251166433344335,0.08699999999999992
79,3.2545495387881735,0.08799999999999993
80,3.2579412776928076,0.08899999999999993
81,3.261342464386305,0.08999999999999993
82,3.2647537012297962,0.09099999999999993
83,3.2681753750686533,0.09199999999999993
84,3.2716076546468966,0.09299999999999993
85,3.2750504891049688,0.09399999999999993
86,3.278503607673562,0.09499999999999992
87,3.2819665206657933,0.09599999999999992
88,3.2854385218569284,0.09699999999999992
89,3.2889186923249953,0.09799999999999992
90,3.292405905806957,0.09899999999999992
91,3.2958988356045493,0.09999999999999992
92,3.2993959630507548,0.10099999999999992
93,3.302895587523616,0.10199999999999991
94,3.306395837968454,0.10299999999999991
95,3.309894685863601,0.10399999999999991
96,3.313389959538775,0.10499999999999991
97,3.31687935973011,0.10599999999999991
98,3.32036047623227,0.10699999999999991
99,3.323830805486369,0.10799999999999992
100,3.3272877689237355,0.10899999999999992
101,3.330728731869863,0.10999999999999992
102,3.334151022801227,0.1109999999999999
103,3.3375519527397937,0.1119999999999999
104,3.3409288345667476,0.1129999999999999
105,3.344279002038006,0.11399999999999991
106,3.34759982828951,0.11499999999999991
107,3.350888743630032,0.11599999999999991
108,3.354143252432816,0.11699999999999991
109,3.3573609489545277,0.1179999999999999
110,3.3605395319302347,0.1189999999999999
111,3.3636768178156338,0.1199999999999999
112,3.36677075257219,0.1209999999999999
113,3.369819421916448,0.1219999999999999
114,3.3728210599805806,0.1229999999999999
115,3.375774056357276,0.1239999999999999
116,3.3786769615267866,0.1249999999999999
117,3.381528490687928,0.12599999999999992
118,3.3843275260363317,0.1269999999999999
119,3.387073117553254,0.1279999999999999
120,3.389764482385131,0.1289999999999999
121,3.3924010029086826,0.1299999999999999
122,3.394982223588113,0.1309999999999999
123,3.3975078467396407,0.1319999999999999
124,3.3999777273248926,0.1329999999999999
125,3.4023918668980695,0.1339999999999999
126,3.404750406832802,0.1349999999999999
127,3.4070536209534534,0.1359999999999999
128,3.409301907692378,0.1369999999999999
129,3.4114957818898324,0.1379999999999999
130,3.4136358663468194,0.1389999999999999
131,3.4157228832338404,0.1399999999999999
132,3.41775764545021,0.1409999999999999
133,3.4197410480197674,0.1419999999999999
134,3.421674059599556,0.1429999999999999
135,3.4235577141688314,0.1439999999999999
136,3.4253931029564577,0.1449999999999999
137,3.4271813666557307,0.1459999999999999
138,3.4289236879670693,0.14699999999999988
139,3.430621284500733,0.14799999999999988
140,3.432275402064269,0.14899999999999988
141,3.4338873083521704,0.14999999999999988
142,3.4354582870490398,0.15099999999999988
143,3.43698963235177,0.15199999999999989
144,3.438482643911117,0.15299999999999989
145,3.439938622188891,0.1539999999999999
146,3.4413588642229596,0.1549999999999999
147,3.4427446597892946,0.1559999999999999
148,3.4440972879475473,0.1569999999999999
149,3.4454180139546837,0.1579999999999999
150,3.4467080865294766,0.1589999999999999
151,3.4479687354494364,0.1599999999999999
152,3.449201169461156,0.1609999999999999
153,3.4504065744842647,0.16199999999999987
154,3.4515861120892515,0.16299999999999987
155,3.452740918229278,0.16399999999999987
156,3.453872102206505,0.16499999999999987
157,3.4549807458538084,0.16599999999999987
158,3.456067902913392,0.16699999999999987
159,3.4571345985944477,0.16799999999999987
160,3.458181829292797,0.16899999999999987
161,3.459210562456378,0.16999999999999987
162,3.4602217365811305,0.17099999999999987
163,3.4612162613229667,0.17199999999999988
164,3.462195017712266,0.17299999999999988
165,3.463158858458313,0.17399999999999988
166,3.464108608331976,0.17499999999999988
167,3.4650450646159014,0.17599999999999988
168,3.465968997612143,0.17699999999999988
169,3.4668811511982436,0.17799999999999988
170,3.4677822434233607,0.17899999999999985
171,3.468672967136811,0.17999999999999985
172,3.469553990642268,0.18099999999999986
173,3.4704259583712864,0.18199999999999986
174,3.471289491570613,0.18299999999999986
175,3.4721451889982355,0.18399999999999986
176,3.4729936276237825,0.18499999999999986
177,3.473835363329175,0.18599999999999986
178,3.4746709316060977,0.18699999999999986
179,3.4755008482472083,0.18799999999999986
180,3.4763256100283244,0.18899999999999986
181,3.477145695379275,0.18999999999999986
182,3.4779615650414324,0.19099999999999986
183,3.4787736627100942,0.19199999999999987
184,3.4795824156603636,0.19299999999999987
185,3.480388235355215,0.19399999999999984
186,3.481191518034807,0.19499999999999984
187,3.4819926452861716,0.19599999999999984
188,3.4827919845926765,0.19699999999999984
189,3.4835898898628033,0.19799999999999984
190,3.4843867019378107,0.19899999999999984
191,3.485182749078164,0.19999999999999984
192,3.485978347428557,0.20099999999999985
193,3.4867738014615623,0.20199999999999985
194,3.487569404399886,0.20299999999999985
195,3.4883654386175436,0.20399999999999985
196,3.4891621760199754,0.20499999999999985
197,3.4899598784035355,0.20599999999999985
198,3.4907587977945864,0.20699999999999985
199,3.4915591767685843,0.20799999999999985
200,3.4923612487495723,0.20899999999999985
201,3.4931652382905387,0.20999999999999985
202,3.493971361335031,0.21099999999999983
203,3.4947798254606344,0.21199999999999983
204,3.4955908301047374,0.21299999999999983
205,3.4964045667731245,0.21399999999999983
206,3.497221219232017,0.21499999999999983
207,3.4980409636840646,0.21599999999999983
208,3.4988639689288785,0.21699999999999983
209,3.499690396508715,0.21799999999999983
210,3.500520400839871,0.21899999999999983
211,3.5013541293304757,0.21999999999999983
212,3.5021917224852284,0.22099999999999984
213,3.503033313997712,0.22199999999999984
214,3.5038790308309817,0.22299999999999984
215,3.5047289932869954,0.22399999999999984
216,3.505583315065609,0.22499999999999984
217,3.506442103313705,0.2259999999999998
218,3.5073054586651997,0.2269999999999998
219,3.5081734752725615,0.22799999999999981
220,3.509046240830504,0.22899999999999981
221,3.5099238365925416,0.22999999999999982
222,3.5108063373811333,0.23099999999999982
223,3.51169381159204,0.23199999999999982
224,3.512586321193601,0.23299999999999982
225,3.5134839217217007,0.23399999999999982
226,3.514386662271002,0.23499999999999982
227,3.5152945854832818,0.23599999999999982
228,3.516207727533458,0.23699999999999982
229,3.517126118114084,0.23799999999999982
230,3.5180497804189605,0.23899999999999982
231,3.518978731126656,0.23999999999999982
232,3.5199129803844875,0.24099999999999983
233,3.5208525317937993,0.24199999999999983
234,3.5217973823971307,0.2429999999999998
235,3.522747522667989,0.2439999999999998
236,3.523702936503849,0.2449999999999998
237,3.5246636012230996,0.2459999999999998
238,3.525629487566537,0.2469999999999998
239,3.526600559703972,0.2479999999999998
240,3.5275767752466582,0.2489999999999998
241,3.5285580852660563,0.2499999999999998
242,3.529544434319454,0.2509999999999998
243,3.530535760483069,0.2519999999999998
244,3.5315319953930393,0.2529999999999998
245,3.5325330642948343,0.2539999999999998
246,3.5335388861014603,0.2549999999999998
247,3.534549373460922,0.2559999999999998
248,3.535564432833253,0.2569999999999998
249,3.5365839645774324,0.2579999999999998
250,3.5376078630485086,0.2589999999999998
251,3.5386360167050945,0.2599999999999998
252,3.5396683082274927,0.2609999999999998
253,3.5407046146464944,0.2619999999999998
254,3.541744807483034,0.2629999999999998
255,3.5427887528986632,0.2639999999999998
256,3.5438363118568628,0.2649999999999998
257,3.5448873402950856,0.2659999999999998
258,3.5459416893074964,0.2669999999999998
259,3.5469992053381,0.2679999999999998
260,3.548059730384131,0.2689999999999998
261,3.5491231022093817,0.2699999999999998
262,3.5501891545671933,0.2709999999999998
263,3.551257717432564,0.2719999999999998
264,3.552328617243187,0.2729999999999998
265,3.5534016771487065,0.2739999999999998
266,3.5544767172678124,0.2749999999999998
267,3.555553554952529,0.2759999999999998
268,3.5566320050591367,0.2769999999999998
269,3.557711880225029,0.2779999999999998
270,3.5587929911508858,0.2789999999999998
271,3.5598751468873693,0.2799999999999998
272,3.5609581551256606,0.2809999999999998
273,3.5620418224911035,0.2819999999999998
274,3.563125954839033,0.28299999999999975
275,3.564210357552174,0.28399999999999975
276,3.5652948358386456,0.28499999999999975
277,3.5663791950298465,0.28599999999999975
278,3.567463240877343,0.28699999999999976
279,3.5685467798479817,0.28799999999999976
280,3.5696296194164145,0.28899999999999976
281,3.5707115683541772,0.28999999999999976
282,3.5717924370145906,0.29099999999999976
283,3.5728720376127114,0.29199999999999976
284,3.5739501844995485,0.29299999999999976
285,3.5750266944298486,0.29399999999999976
286,3.576101386822751,0.29499999999999976
287,3.577174084014669,0.29599999999999976
288,3.5782446115037376,0.29699999999999976
289,3.579312798185294,0.29799999999999977
290,3.5803784765777835,0.29899999999999977
291,3.5814414830386534,0.29999999999999977
292,3.582501657969723,0.30099999999999977
293,3.5835588460116874,0.30199999999999977
294,3.584612896227302,0.30299999999999977
295,3.5856636622730425,0.30399999999999977
296,3.5867110025588733,0.30499999999999977
297,3.58775478039599,0.30599999999999977
298,3.5887948641323395,0.3069999999999998
299,3.5898311272757906,0.3079999999999998
300,3.590863448604916,0.3089999999999998
301,3.591891712267355,0.3099999999999998
302,3.592915807865757,0.3109999999999998
303,3.5939356305314583,0.3119999999999998
304,3.5949510809858856,0.3129999999999998
305,3.5959620655899722,0.3139999999999997
306,3.5969684963816797,0.3149999999999997
307,3.597970291101926,0.3159999999999997
308,3.598967373209136,0.3169999999999997
309,3.599959671882786,0.3179999999999997
310,3.6009471220161635,0.31899999999999973
311,3.601929664198834,0.31999999999999973
312,3.6029072446890504,0.32099999999999973
313,3.6038798153766614,0.32199999999999973
314,3.604847333736792,0.32299999999999973
315,3.6058097627748538,0.32399999999999973
316,3.6067670709632553,0.32499999999999973
317,3.6077192321703415,0.32599999999999973
318,3.608666225581972,0.32699999999999974
319,3.6096080356162457,0.32799999999999974
320,3.6105446518318813,0.32899999999999974
321,3.611476068830676,0.32999999999999974
322,3.6124022861545533,0.33099999999999974
323,3.613323308177712,0.33199999999999974
324,3.6142391439942703,0.33299999999999974
325,3.6151498073019517,0.33399999999999974
326,3.6160553162822358,0.33499999999999974
327,3.616955693477399,0.33599999999999974
328,3.6178509656649362,0.33699999999999974
329,3.6187411637297373,0.33799999999999975
330,3.619626322534478,0.33899999999999975
331,3.6205064807885496,0.33999999999999975
332,3.6213816809159916,0.34099999999999975
333,3.622251968922749,0.34199999999999975
334,3.623117394263578,0.34299999999999975
335,3.623978009708975,0.34399999999999975
336,3.6248338712124193,0.34499999999999975
337,3.6256850377782426,0.34599999999999975
338,3.626531571330349,0.3469999999999997
339,3.627373536582092,0.3479999999999997
340,3.6282110009075703,0.3489999999999997
341,3.629044034214479,0.3499999999999997
342,3.6298727088187834,0.3509999999999997
343,3.6306970993214147,0.3519999999999997
344,3.6315172824870916,0.3529999999999997
345,3.6323333371254867,0.3539999999999997
346,3.6331453439748094,0.3549999999999997
347,3.6339533855880033,0.3559999999999997
348,3.6347575462215578,0.3569999999999997
349,3.6355579117271435,0.3579999999999997
350,3.636354569446051,0.3589999999999997
351,3.6371476081065204,0.3599999999999997
352,3.6379371177240465,0.3609999999999997
353,3.638723189504635,0.3619999999999997
354,3.639505915751082,0.3629999999999997
355,3.640285389772255,0.3639999999999997
356,3.6410617057954227,0.3649999999999997
357,3.6418349588815335,0.3659999999999997
358,3.642605244843569,0.3669999999999997
359,3.643372660167795,0.3679999999999997
360,3.6441373019379784,0.3689999999999997
361,3.64489926776247,0.3699999999999997
362,3.645658655704168,0.3709999999999997
363,3.646415564213221,0.3719999999999997
364,3.6471700920624808,0.3729999999999997
365,3.647922338285615,0.3739999999999997
366,3.648672402117793,0.3749999999999997
367,3.6494203829389096,0.3759999999999997
368,3.650166380219196,0.3769999999999997
369,3.650910493467231,0.37799999999999967
370,3.651652822180196,0.37899999999999967
371,3.652393465796293,0.37999999999999967
372,3.6531325236492767,0.3809999999999997
373,3.653870094924968,0.3819999999999997
374,3.6546062786196627,0.3829999999999997
375,3.6553411735003793,0.3839999999999997
376,3.656074878066766,0.3849999999999997
377,3.6568074905146672,0.3859999999999997
378,3.657539108701225,0.3869999999999997
379,3.658269830111347,0.3879999999999997
380,3.6589997518255575,0.3889999999999997
381,3.6597289704890636,0.3899999999999997
382,3.6604575822819627,0.3909999999999997
383,3.661185682890486,0.3919999999999997
384,3.6619133674792463,0.3929999999999997
385,3.6626407306642585,0.3939999999999997
386,3.6633678664868445,0.3949999999999997
387,3.6640948683881267,0.3959999999999997
388,3.664821829184184,0.3969999999999997
389,3.6655488410417023,0.3979999999999997
390,3.6662759954540456,0.3989999999999997
391,3.6670033832177027,0.3999999999999997
392,3.667731094408999,0.4009999999999997
393,3.6684592183609883,0.4019999999999997
394,3.669187843640505,0.4029999999999997
395,3.6699170580252303,0.4039999999999997
396,3.670646948480779,0.4049999999999997
397,3.671377601137674,0.4059999999999997
398,3.672109101268205,0.4069999999999997
399,3.672841533263056,0.4079999999999997
400,3.6735749806076976,0.4089999999999997
401,3.674309525858456,0.4099999999999997
402,3.6750452506181883,0.41099999999999964
403,3.6757822355115812,0.41199999999999964
404,3.676520560159997,0.41299999999999965
405,3.677260303155755,0.41399999999999965
406,3.6780015420359464,0.41499999999999965
407,3.6787443532556625,0.41599999999999965
408,3.6794888121605585,0.41699999999999965
409,3.6802349929588902,0.41799999999999965
410,3.680982968692803,0.41899999999999965
411,3.681732811209013,0.41999999999999965
412,3.6824845911287447,0.42099999999999965
413,3.6832383778170152,0.42199999999999965
414,3.683994239351192,0.42299999999999965
415,3.684752242488833,0.42399999999999965
416,3.6855124526348177,0.42499999999999966
417,3.6862749338077556,0.42599999999999966
418,3.687039748605758,0.42699999999999966
419,3.68780695817143,0.42799999999999966
420,3.6885766221562752,0.42899999999999966
421,3.6893487986844296,0.42999999999999966
422,3.690123544315749,0.43099999999999966
423,3.6909009140083557,0.43199999999999966
424,3.691680961080592,0.43299999999999966
425,3.69246373717249,0.43399999999999966
426,3.6932492922067723,0.43499999999999966
427,3.694037674349406,0.43599999999999967
428,3.6948289299698325,0.43699999999999967
429,3.695623103600862,0.43799999999999967
430,3.6964202378983444,0.43899999999999967
431,3.6972203736006577,0.43999999999999967
432,3.6980235494880667,0.44099999999999967
433,3.6988298023421184,0.4419999999999996
434,3.6996391669050177,0.4429999999999996
435,3.7004516758391994,0.4439999999999996
436,3.7012673596870806,0.4449999999999996
437,3.702086246831169,0.4459999999999996
438,3.702908363454555,0.4469999999999996
439,3.703733733501948,0.4479999999999996
440,3.7045623786413007,0.4489999999999996
441,3.705394318226193,0.4499999999999996
442,3.7062295692590213,0.4509999999999996
443,3.7070681463551356,0.4519999999999996
444,3.7079100617080734,0.4529999999999996
445,3.7087553250559173,0.4539999999999996
446,3.7096039436489976,0.4549999999999996
447,3.710455922218997,0.45599999999999963
448,3.7113112629495855,0.45699999999999963
449,3.7121699654487155,0.45799999999999963
450,3.7130320267227495,0.45899999999999963
451,3.713897441152412,0.45999999999999963
452,3.714766200470864,0.46099999999999963
453,3.7156382937438615,0.46199999999999963
454,3.7165137073522456,0.46299999999999963
455,3.717392424976767,0.46399999999999963
456,3.7182744275854964,0.46499999999999964
457,3.719159693423805,0.46599999999999964
458,3.7200481980070963,0.46699999999999964
459,3.720939914116434,0.46799999999999964
460,3.7218348117970463,0.46899999999999964
461,3.7227328583599646,0.46999999999999964
462,3.7236340183867527,0.47099999999999964
463,3.7245382537375007,0.47199999999999964
464,3.725445523562158,0.47299999999999964
465,3.726355784315253,0.47399999999999964
466,3.727268989774077,0.4749999999999996
467,3.728185091060431,0.4759999999999996
468,3.729104036665959,0.4769999999999996
469,3.7300257724811297,0.4779999999999996
470,3.7309502418278786,0.4789999999999996
471,3.731877385496013,0.4799999999999996
472,3.7328071417833106,0.4809999999999996
473,3.7337394465393863,0.4819999999999996
474,3.7346742332133323,0.4829999999999996
475,3.735611432905086,0.4839999999999996
476,3.7365509744205205,0.4849999999999996
477,3.737492784330272,0.4859999999999996
478,3.738436787032223,0.4869999999999996
479,3.7393829048175995,0.4879999999999996
480,3.740331057940636,0.4889999999999996
481,3.7412811646917397,0.4899999999999996
482,3.7422331414741015,0.4909999999999996
483,3.7431869028835667,0.4919999999999996
484,3.744142361791808,0.4929999999999996
485,3.745099429432579,0.4939999999999996
486,3.7460580154910037,0.4949999999999996
487,3.7470180281957193,0.4959999999999996
488,3.747979374413778,0.4969999999999996
489,3.7489419597481355,0.4979999999999996
490,3.74990568863759,0.4989999999999996
491,3.750870464459027,0.4999999999999996
492,3.7518361896317494,0.5009999999999996
493,3.752802765723761,0.5019999999999996
494,3.753770093559873,0.5029999999999996
495,3.7547380733312856,0.5039999999999996
496,3.755706604706672,0.5049999999999996
497,3.756675586944397,0.5059999999999996
498,3.757644919005768,0.5069999999999996
499,3.758614499669079,0.5079999999999996
500,3.759584227644278,0.5089999999999996
501,3.7605540016880243,0.5099999999999996
502,3.761523720718966,0.5109999999999996
503,3.762493283933007,0.5119999999999996
504,3.763462590918408,0.5129999999999996
505,3.7644315417704766,0.5139999999999996
506,3.765400037205664,0.5149999999999996
507,3.7663679786749436,0.5159999999999996
508,3.7673352684761747,0.5169999999999996
509,3.768301809865356,0.5179999999999996
510,3.7692675071665804,0.5189999999999996
511,3.7702322658805034,0.5199999999999996
512,3.7711959927911884,0.5209999999999996
513,3.7721585960711357,0.5219999999999996
514,3.773119985384443,0.5229999999999996
515,3.774080071987824,0.5239999999999996
516,3.775038768829557,0.5249999999999996
517,3.7759959906460128,0.5259999999999996
518,3.7769516540558716,0.5269999999999996
519,3.77790567765182,0.5279999999999996
520,3.7788579820896597,0.5289999999999996
521,3.779808490174836,0.5299999999999996
522,3.7807571269461913,0.5309999999999996
523,3.7817038197570496,0.5319999999999996
524,3.7826484983535114,0.5329999999999996
525,3.783591094949922,0.5339999999999996
526,3.784531544301631,0.5349999999999996
527,3.785469783774862,0.5359999999999996
528,3.7864057534139084,0.5369999999999996
529,3.787339396005532,0.5379999999999996
530,3.7882706571406892,0.5389999999999996
531,3.789199485273629,0.5399999999999996
532,3.790125831778429,0.5409999999999996
533,3.791049651003052,0.5419999999999996
534,3.7919709003209823,0.5429999999999996
535,3.7928895401806155,0.5439999999999996
536,3.7938055341524723,0.5449999999999996
537,3.794718848974363,0.5459999999999996
538,3.795629454594661,0.5469999999999996
539,3.7965373242138125,0.5479999999999996
540,3.7974424343242688,0.5489999999999996
541,3.79834476474898,0.5499999999999996
542,3.799244298678633,0.5509999999999996
543,3.800141022707842,0.5519999999999996
544,3.80103492687046,0.5529999999999996
545,3.8019260046742147,0.5539999999999996
546,3.802814253134881,0.5549999999999995
547,3.8036996728102137,0.5559999999999995
548,3.8045822678338306,0.5569999999999995
549,3.805462045949319,0.5579999999999995
550,3.8063390185447177,0.5589999999999995
551,3.807213200687689,0.5599999999999995
552,3.8080846111615627,0.5609999999999995
553,3.8089532725024924,0.5619999999999995
554,3.8098192110379947,0.5629999999999995
555,3.810682456927042,0.5639999999999995
556,3.811543044202028,0.5649999999999995
557,3.8124010108127626,0.5659999999999995
558,3.8132563986727703,0.5669999999999995
559,3.814109253708082,0.5679999999999995
560,3.814959625908804,0.5689999999999995
561,3.815807569383544,0.5699999999999995
562,3.816653142417064,0.5709999999999995
563,3.8174964075311886,0.5719999999999995
564,3.8183374315492484,0.5729999999999995
565,3.8191762856641267,0.5739999999999995
566,3.820013045510164,0.5749999999999995
567,3.820847791238901,0.5759999999999995
568,3.8216806075988314,0.5769999999999995
569,3.822511584019242,0.5779999999999995
570,3.823340814698048,0.5789999999999995
571,3.824168398693836,0.5799999999999995
572,3.8249944400217823,0.5809999999999995
573,3.8258190477536336,0.5819999999999995
574,3.826642336121386,0.5829999999999995
575,3.827464424624606,0.5839999999999995
576,3.8282854381410507,0.5849999999999995
577,3.829105507040272,0.5859999999999995
578,3.8299247672998535,0.5869999999999995
579,3.830743360623646,0.5879999999999995
580,3.831561434561603,0.5889999999999995
581,3.8323791426303595,0.5899999999999995
582,3.8331966444338677,0.5909999999999995
583,3.8340141057831127,0.5919999999999995
584,3.8348316988139044,0.5929999999999995
585,3.8356496021014896,0.5939999999999995
586,3.836468000770735,0.5949999999999995
587,3.8372870866003,0.5959999999999995
588,3.8381070581191548,0.5969999999999995
589,3.838928120693572,0.5979999999999995
590,3.8397504866025622,0.5989999999999995
591,3.840574375099412,0.5999999999999995
592,3.841400012456913,0.6009999999999995
593,3.842227631993538,0.6019999999999995
594,3.8430574740776366,0.6029999999999995
595,3.843889786106387,0.6039999999999995
596,3.8447248224562354,0.6049999999999995
597,3.8455628444009236,0.6059999999999995
598,3.8464041199933896,0.6069999999999995
599,3.8472489239072676,0.6079999999999995
600,3.848097537233592,0.6089999999999995
601,3.8489502472281907,0.6099999999999995
602,3.8498073470048824,0.6109999999999995
603,3.850669135169579,0.6119999999999995
604,3.8515359153902162,0.6129999999999995
605,3.8524079958973294,0.6139999999999995
606,3.8532856889101175,0.6149999999999995
607,3.8541693099828356,0.6159999999999995
608,3.855059177266536,0.6169999999999995
609,3.8559556106812805,0.6179999999999994
610,3.8568589309943926,0.6189999999999994
611,3.8577694588005875,0.6199999999999994
612,3.858687513400541,0.6209999999999994
613,3.8596134115749625,0.6219999999999994
614,3.8605474662522052,0.6229999999999994
615,3.861489985068439,0.6239999999999994
616,3.862441268820478,0.6249999999999994
617,3.8634016098128234,0.6259999999999994
618,3.8643712901019436,0.6269999999999994
619,3.865350579642499,0.6279999999999994
620,3.8663397343421777,0.6289999999999994
621,3.867338994033696,0.6299999999999994
622,3.8683485803748527,0.6309999999999995
623,3.8693686946898005,0.6319999999999995
624,3.8703995157669167,0.6329999999999995
625,3.8714411976313965,0.6339999999999995
626,3.872493867312832,0.6349999999999995
627,3.873557622630746,0.6359999999999995
628,3.874632530022998,0.6369999999999995
629,3.8757186224444276,0.6379999999999995
630,3.876815897364712,0.6389999999999995
631,3.8779243148960227,0.6399999999999995
632,3.8790437960822053,0.6409999999999995
633,3.8801742213818233,0.6419999999999995
634,3.881315429377395,0.6429999999999995
635,3.8824672157427216,0.6439999999999995
636,3.8836293324988285,0.6449999999999995
637,3.8848014875871626,0.6459999999999995
638,3.8859833447858687,0.6469999999999995
639,3.8871745239915776,0.6479999999999995
640,3.888374601884861,0.6489999999999995
641,3.88958311299254,0.6499999999999995
642,3.8907995511545828,0.6509999999999995
643,3.892023371397242,0.6519999999999995
644,3.8932539922074434,0.6529999999999995
645,3.8944907981969883,0.6539999999999995
646,3.895733143137852,0.6549999999999995
647,3.8969803533435625,0.6559999999999995
648,3.8982317313646013,0.6569999999999995
649,3.899486559960092,0.6579999999999995
650,3.9007441063022235,0.6589999999999995
651,3.9020036263653366,0.6599999999999995
652,3.903264369447699,0.6609999999999995
653,3.9045255827712424,0.6619999999999995
654,3.9057865161029817,0.6629999999999995
655,3.9070464263412683,0.6639999999999995
656,3.908304582010789,0.6649999999999995
657,3.9095602676122274,0.6659999999999995
658,3.910812787775428,0.6669999999999995
659,3.912061471168903,0.6679999999999995
660,3.913305674123546,0.6689999999999995
661,3.9145447839340224,0.6699999999999995
662,3.9157782218075163,0.6709999999999995
663,3.9170054454361107,0.6719999999999995
664,3.918225951176028,0.6729999999999995
665,3.9194392758236507,0.6739999999999995
666,3.9206449979850344,0.6749999999999995
667,3.9218427390420163,0.6759999999999995
668,3.923032163723968,0.6769999999999995
669,3.924212980299701,0.6779999999999995
670,3.925384940408648,0.6789999999999995
671,3.9265478385547214,0.6799999999999995
672,3.9277015112893605,0.6809999999999995
673,3.9288458361129486,0.6819999999999995
674,3.929980730125511,0.6829999999999994
675,3.9311061484587704,0.6839999999999994
676,3.932222082521946,0.6849999999999994
677,3.9333285580935806,0.6859999999999994
678,3.934425633290825,0.6869999999999994
679,3.9355133964465394,0.6879999999999994
680,3.936591963922768,0.6889999999999994
681,3.937661477887393,0.6899999999999994
682,3.938722104078559,0.6909999999999994
683,3.939774029579088,0.6919999999999994
684,3.940817460620732,0.6929999999999994
685,3.9418526204357507,0.6939999999999994
686,3.9428797471706276,0.6949999999999994
687,3.9438990918746426,0.6959999999999994
688,3.9449109165735377,0.6969999999999994
689,3.945915492436464,0.6979999999999994
690,3.946913098042381,0.6989999999999994
691,3.9479040177501896,0.6999999999999994
692,3.9488885401753624,0.7009999999999994
693,3.949866956774151,0.7019999999999994
694,3.9508395605353055,0.7029999999999994
695,3.9518066447781046,0.7039999999999994
696,3.952768502054367,0.7049999999999994
697,3.9537254231516092,0.7059999999999994
698,3.9546776961934946,0.7069999999999994
699,3.9556256058335624,0.7079999999999994
700,3.9565694325375373,0.7089999999999994
701,3.957509451949454,0.7099999999999994
702,3.958445934336449,0.7109999999999994
703,3.95937914410716,0.7119999999999994
704,3.9603093393985604,0.7129999999999994
705,3.961236771725999,0.7139999999999994
706,3.9621616856915307,0.7149999999999994
707,3.9630843187455027,0.7159999999999994
708,3.964004900996778,0.7169999999999994
709,3.9649236550669253,0.7179999999999994
710,3.9658407959841675,0.7189999999999994
711,3.9667565311128143,0.7199999999999994
712,3.967671060114573,0.7209999999999994
713,3.968584574937798,0.7219999999999994
714,3.9694972598316087,0.7229999999999994
715,3.9704092913815185,0.7239999999999994
716,3.971320838563806,0.7249999999999994
717,3.9722320628158756,0.7259999999999994
718,3.9731431181202894,0.7269999999999994
719,3.974054151100071,0.7279999999999994
720,3.9749653011234427,0.7289999999999994
721,3.9758767004159927,0.7299999999999994
722,3.976788474178767,0.7309999999999994
723,3.97770074071068,0.7319999999999994
724,3.978613611534025,0.7329999999999994
725,3.979527191521845,0.7339999999999994
726,3.980441579026138,0.7349999999999994
727,3.981356866005993,0.7359999999999994
728,3.982273138154862,0.7369999999999994
729,3.983190475026269,0.7379999999999994
730,3.9841089501573226,0.7389999999999994
731,3.985028631189646,0.7399999999999994
732,3.9859495799871443,0.7409999999999994
733,3.9868718527503635,0.7419999999999994
734,3.9877955001271244,0.7429999999999994
735,3.98872056731918,0.7439999999999994
736,3.9896470941847784,0.7449999999999994
737,3.9905751153369553,0.7459999999999993
738,3.991504660237456,0.7469999999999993
739,3.9924357532863506,0.7479999999999993
740,3.993368413907179,0.7489999999999993
741,3.994302656627781,0.7499999999999993
742,3.9952384911567607,0.7509999999999993
743,3.9961759224557283,0.7519999999999993
744,3.99711495080735,0.7529999999999993
745,3.9980555718793647,0.7539999999999993
746,3.998997776784628,0.7549999999999993
747,3.9999415521374386,0.7559999999999993
748,4.00088688010616,0.7569999999999993
749,4.001833738462368,0.7579999999999993
750,4.002782100626765,0.7589999999999993
751,4.003731935711855,0.7599999999999993
752,4.004683208561786,0.7609999999999993
753,4.005635879789349,0.7619999999999993
754,4.006589905810516,0.7629999999999993
755,4.007545238876541,0.7639999999999993
756,4.0085018271039825,0.7649999999999993
757,4.009459614502749,0.7659999999999993
758,4.010418541002426,0.7669999999999993
759,4.011378542477096,0.7679999999999993
760,4.012339550768847,0.7689999999999994
761,4.013301493710222,0.7699999999999994
762,4.01426429514575,0.7709999999999994
763,4.015227874952885,0.7719999999999994
764,4.016192149062483,0.7729999999999994
765,4.0171570294790895,0.7739999999999994
766,4.018122424301243,0.7749999999999994
767,4.01908823774198,0.7759999999999994
768,4.020054370149852,0.7769999999999994
769,4.021020718030577,0.7779999999999994
770,4.02198717406963,0.7789999999999994
771,4.022953627155929,0.7799999999999994
772,4.023919962406904,0.7809999999999994
773,4.024886061195128,0.7819999999999994
774,4.025851801176754,0.7829999999999994
775,4.026817056321951,0.7839999999999994
776,4.027781696947618,0.7849999999999994
777,4.0287455897525914,0.7859999999999994
778,4.0297085978554605,0.7869999999999994
779,4.030670580835403,0.7879999999999994
780,4.031631394776096,0.7889999999999994
781,4.032590892313004,0.7899999999999994
782,4.033548922684277,0.7909999999999994
783,4.034505331785392,0.7919999999999994
784,4.035459962227885,0.7929999999999994
785,4.036412653402254,0.7939999999999994
786,4.037363241545369,0.7949999999999994
787,4.038311559812459,0.7959999999999994
788,4.039257438354099,0.7969999999999994
789,4.040200704398151,0.7979999999999994
790,4.041141182337028,0.7989999999999994
791,4.04207869382049,0.7999999999999994
792,4.043013057853991,0.8009999999999994
793,4.0439440909030315,0.8019999999999994
794,4.044871607003439,0.8029999999999994
795,4.0457954178779465,0.8039999999999994
796,4.046715333059166,0.8049999999999994
797,4.047631160019063,0.8059999999999994
798,4.04854270430524,0.8069999999999994
799,4.049449769684038,0.8079999999999994
800,4.050352158290713,0.8089999999999994
801,4.051249670786638,0.8099999999999994
802,4.052142106523934,0.8109999999999993
803,4.0530292637173755,0.8119999999999993
804,4.053910939623779,0.8129999999999993
805,4.054786930729047,0.8139999999999993
806,4.055657032942717,0.8149999999999993
807,4.0565210418003534,0.8159999999999993
808,4.057378752673576,0.8169999999999993
809,4.058229960987959,0.8179999999999993
810,4.059074462448575,0.8189999999999993
811,4.059912053273529,0.8199999999999993
812,4.060742530435102,0.8209999999999993
813,4.061565691908626,0.8219999999999993
814,4.062381336929124,0.8229999999999993
815,4.063189266255393,0.8239999999999993
816,4.0639892824416854,0.8249999999999993
817,4.0647811901166655,0.8259999999999993
818,4.0655647962695545,0.8269999999999993
819,4.066339910543438,0.8279999999999993
820,4.067106345535193,0.8289999999999993
821,4.0678639171022315,0.8299999999999993
822,4.0686124446754635,0.8309999999999993
823,4.0693517515784565,0.8319999999999993
824,4.070081665352258,0.8329999999999993
825,4.070802018085834,0.8339999999999993
826,4.071512646751418,0.8349999999999993
827,4.07221339354475,0.8359999999999993
828,4.072904106229507,0.8369999999999993
829,4.073584638485607,0.8379999999999993
830,4.0742548502609495,0.8389999999999993
831,4.07491460812591,0.8399999999999993
832,4.075563785630321,0.8409999999999993
833,4.0762022636621555,0.8419999999999993
834,4.076829930807396,0.8429999999999993
835,4.07744668371057,0.8439999999999993
836,4.078052427435065,0.8449999999999993
837,4.078647075822847,0.8459999999999993
838,4.079230551852599,0.8469999999999993
839,4.079802787995806,0.8479999999999993
840,4.080363726569788,0.8489999999999993
841,4.080913320087099,0.8499999999999993
842,4.081451531600428,0.8509999999999993
843,4.081978335042079,0.8519999999999993
844,4.0824937155573675,0.8529999999999993
845,4.0829976698309185,0.8539999999999993
846,4.083490206405124,0.8549999999999993
847,4.0839713459896725,0.8559999999999993
848,4.084441121761524,0.8569999999999993
849,4.084899579654085,0.8579999999999993
850,4.085346778634946,0.8589999999999993
851,4.0857827909711695,0.8599999999999993
852,4.086207702480994,0.8609999999999993
853,4.0866216127713955,0.8619999999999993
854,4.0870246354602005,0.8629999999999993
855,4.08741689838211,0.8639999999999993
856,4.087798543777545,0.8649999999999993
857,4.088169728463475,0.8659999999999993
858,4.088530623985394,0.8669999999999993
859,4.088881416749364,0.8679999999999993
860,4.089222308133642,0.8689999999999993
861,4.089553514578595,0.8699999999999993
862,4.089875267654615,0.8709999999999993
863,4.090187814106798,0.8719999999999993
864,4.090491415876021,0.8729999999999993
865,4.090786350095589,0.8739999999999992
866,4.091072909062618,0.8749999999999992
867,4.0913514001840765,0.8759999999999992
868,4.0916221458962285,0.8769999999999992
869,4.091885483557688,0.8779999999999992
870,4.092141765315044,0.8789999999999992
871,4.092391357941167,0.8799999999999992
872,4.0926346426454785,0.8809999999999992
873,4.092872014856215,0.8819999999999992
874,4.093103883974426,0.8829999999999992
875,4.093330673099402,0.8839999999999992
876,4.09355281872588,0.8849999999999992
877,4.093770770412607,0.8859999999999992
878,4.093984990422767,0.8869999999999992
879,4.094195953336198,0.8879999999999992
880,4.0944041456337885,0.8889999999999992
881,4.094610065254409,0.8899999999999992
882,4.094814221124656,0.8909999999999992
883,4.095017132662199,0.8919999999999992
884,4.095219329252985,0.8929999999999992
885,4.095421349703344,0.8939999999999992
886,4.095623741667358,0.8949999999999992
887,4.095827061050673,0.8959999999999992
888,4.096031871391545,0.8969999999999992
889,4.096238743219876,0.8979999999999992
890,4.096448253395905,0.8989999999999992
891,4.096660984428914,0.8999999999999992
892,4.096877523777902,0.9009999999999992
893,4.097098463134926,0.9019999999999992
894,4.097324397692858,0.9029999999999992
895,4.097555925398794,0.9039999999999992
896,4.097793646194452,0.9049999999999992
897,4.098038161245453,0.9059999999999993
898,4.098290072160547,0.9069999999999993
899,4.098549980202917,0.9079999999999993
900,4.09881848549472,0.9089999999999993
901,4.09909618621694,0.9099999999999993
902,4.09938367780603,0.9109999999999993
903,4.099681552149141,0.9119999999999993
904,4.099990396779775,0.9129999999999993
905,4.100310794075367,0.9139999999999993
906,4.100643320458972,0.9149999999999993
907,4.10098854560635,0.9159999999999993
908,4.101347031660693,0.9169999999999993
909,4.101719332456273,0.9179999999999993
910,4.102105992753123,0.9189999999999993
911,4.102507547484319,0.9199999999999993
912,4.102924521017313,0.9209999999999993
913,4.1033574264315265,0.9219999999999993
914,4.103806764813084,0.9229999999999993
915,4.1042730245689105,0.9239999999999993
916,4.104756680761136,0.9249999999999993
917,4.105258194463758,0.9259999999999993
918,4.105778012142468,0.9269999999999993
919,4.106316565059336,0.9279999999999993
920,4.106874268703457,0.9289999999999993
921,4.107451522248583,0.9299999999999993
922,4.108048708039217,0.9309999999999993
923,4.1086661911056295,0.9319999999999993
924,4.109304318709458,0.9329999999999993
925,4.10996341991992,0.9339999999999993
926,4.110643805222043,0.9349999999999993
927,4.111345766157314,0.9359999999999993
928,4.112069574997156,0.9369999999999993
929,4.1128154844501665,0.9379999999999993
930,4.113583727402939,0.9389999999999992
931,4.114374516695318,0.9399999999999992
932,4.115188044929768,0.9409999999999992
933,4.116024484315363,0.9419999999999992
934,4.1168839865462665,0.9429999999999992
935,4.117766682714356,0.9439999999999992
936,4.118672683256461,0.9449999999999992
937,4.119602077935164,0.9459999999999992
938,4.120554935853519,0.9469999999999992
939,4.1215313055027245,0.9479999999999992
940,4.122531214842604,0.9489999999999992
941,4.123554671414171,0.9499999999999992
942,4.1246016624834905,0.9509999999999992
943,4.12567215521639,0.9519999999999992
944,4.126766096882875,0.9529999999999992
945,4.127883415090779,0.9539999999999992
946,4.1290240180472075,0.9549999999999992
947,4.130187794847467,0.9559999999999992
948,4.131374615789724,0.9569999999999992
949,4.1325843327148535,0.9579999999999992
950,4.133816779370197,0.9589999999999992
951,4.135071771795864,0.9599999999999992
952,4.136349108732787,0.9609999999999992
953,4.1376485720508835,0.9619999999999992
954,4.13896992719648,0.9629999999999992
955,4.1403129236573495,0.9639999999999992
956,4.1416772954444,0.9649999999999992
957,4.1430627615886335,0.9659999999999992
958,4.144469026651798,0.9669999999999992
959,4.145895781250066,0.9679999999999992
960,4.147342702588654,0.9689999999999992
961,4.148809455006807,0.9699999999999992
962,4.150295690531338,0.9709999999999992
963,4.15180104943774,0.9719999999999992
964,4.1533251608176265,0.9729999999999992
965,4.154867643150959,0.9739999999999992
966,4.156428104882333,0.9749999999999992
967,4.158006144999632,0.9759999999999992
968,4.159601353614337,0.9769999999999992
969,4.161213312541926,0.9779999999999992
970,4.162841595881801,0.9789999999999992
971,4.164485770595078,0.9799999999999992
972,4.166145397079707,0.9809999999999992
973,4.167820029741732,0.9819999999999992
974,4.169509217561657,0.9829999999999992
975,4.171212504655298,0.9839999999999992
976,4.172929430827877,0.9849999999999992
977,4.174659532120984,0.9859999999999992
978,4.176402341351159,0.9869999999999992
979,4.178157388639817,0.9879999999999992
980,4.179924201933458,0.9889999999999992
981,4.181702307513793,0.9899999999999992
982,4.183491230497057,0.9909999999999992
983,4.185290495321935,0.9919999999999992
984,4.187099626225735,0.9929999999999992
985,4.188918147708199,0.9939999999999992
986,4.1907455849826025,0.9949999999999992
987,4.192581464413883,0.9959999999999992
988,4.19442531394314,0.9969999999999992
989,4.196276663498655,0.9979999999999992
990,4.198135045392767,0.9989999999999992
991,4.2,1.0
