Time,Solar
2021-06-11 00:00:00,0
2021-06-11 00:01:00,0
2021-06-11 00:02:00,0
2021-06-11 00:03:00,0
2021-06-11 00:04:00,0
2021-06-11 00:05:00,0
2021-06-11 00:06:00,0
2021-06-11 00:07:00,0
2021-06-11 00:08:00,0
2021-06-11 00:09:00,0
2021-06-11 00:10:00,0
2021-06-11 00:11:00,0
2021-06-11 00:12:00,0
2021-06-11 00:13:00,0
2021-06-11 00:14:00,0
2021-06-11 00:15:00,0
2021-06-11 00:16:00,0
2021-06-11 00:17:00,0
2021-06-11 00:18:00,0
2021-06-11 00:19:00,0
2021-06-11 00:20:00,0
2021-06-11 00:21:00,0
2021-06-11 00:22:00,0
2021-06-11 00:23:00,0
2021-06-11 00:24:00,0
2021-06-11 00:25:00,0
2021-06-11 00:26:00,0
2021-06-11 00:27:00,0
2021-06-11 00:28:00,0
2021-06-11 00:29:00,0
2021-06-11 00:30:00,0
2021-06-11 00:31:00,0
2021-06-11 00:32:00,0
2021-06-11 00:33:00,0
2021-06-11 00:34:00,0
2021-06-11 00:35:00,0
2021-06-11 00:36:00,0
2021-06-11 00:37:00,0
2021-06-11 00:38:00,0
2021-06-11 00:39:00,0
2021-06-11 00:40:00,0
2021-06-11 00:41:00,0
2021-06-11 00:42:00,0
2021-06-11 00:43:00,0
2021-06-11 00:44:00,0
2021-06-11 00:45:00,0
2021-06-11 00:46:00,0
2021-06-11 00:47:00,0
2021-06-11 00:48:00,0
2021-06-11 00:49:00,0
2021-06-11 00:50:00,0
2021-06-11 00:51:00,0
2021-06-11 00:52:00,0
2021-06-11 00:53:00,0
2021-06-11 00:54:00,0
2021-06-11 00:55:00,0
2021-06-11 00:56:00,0
2021-06-11 00:57:00,0
2021-06-11 00:58:00,0
2021-06-11 00:59:00,0
2021-06-11 01:00:00,0
2021-06-11 01:01:00,0
2021-06-11 01:02:00,0
2021-06-11 01:03:00,0
2021-06-11 01:04:00,0
2021-06-11 01:05:00,0
2021-06-11 01:06:00,0
2021-06-11 01:07:00,0
2021-06-11 01:08:00,0
2021-06-11 01:09:00,0
2021-06-11 01:10:00,0
2021-06-11 01:11:00,0
2021-06-11 01:12:00,0
2021-06-11 01:13:00,0
2021-06-11 01:14:00,0
2021-06-11 01:15:00,0
2021-06-11 01:16:00,0
2021-06-11 01:17:00,0
2021-06-11 01:18:00,0
2021-06-11 01:19:00,0
2021-06-11 01:20:00,0
2021-06-11 01:21:00,0
2021-06-11 01:22:00,0
2021-06-11 01:23:00,0
2021-06-11 01:24:00,0
2021-06-11 01:25:00,0
2021-06-11 01:26:00,0
2021-06-11 01:27:00,0
2021-06-11 01:28:00,0
2021-06-11 01:29:00,0
2021-06-11 01:30:00,0
2021-06-11 01:31:00,0
2021-06-11 01:32:00,0
2021-06-11 01:33:00,0
2021-06-11 01:34:00,0
2021-06-11 01:35:00,0
2021-06-11 01:36:00,0
2021-06-11 01:37:00,0
2021-06-11 01:38:00,0
2021-06-11 01:39:00,0
2021-06-11 01:40:00,0
2021-06-11 01:41:00,0
2021-06-11 01:42:00,0
2021-06-11 01:43:00,0
2021-06-11 01:44:00,0
2021-06-11 01:45:00,0
2021-06-11 01:46:00,0
2021-06-11 01:47:00,0
2021-06-11 01:48:00,0
2021-06-11 01:49:00,0
2021-06-11 01:50:00,0
2021-06-11 01:51:00,0
2021-06-11 01:52:00,0
2021-06-11 01:53:00,0
2021-06-11 01:54:00,0
2021-06-11 01:55:00,0
2021-06-11 01:56:00,0
2021-06-11 01:57:00,0
2021-06-11 01:58:00,0
2021-06-11 01:59:00,0
2021-06-11 02:00:00,0
2021-06-11 02:01:00,0
2021-06-11 02:02:00,0
2021-06-11 02:03:00,0
2021-06-11 02:04:00,0
2021-06-11 02:05:00,0
2021-06-11 02:06:00,0
2021-06-11 02:07:00,0
2021-06-11 02:08:00,0
2021-06-11 02:09:00,0
2021-06-11 02:10:00,0
2021-06-11 02:11:00,0
2021-06-11 02:12:00,0
2021-06-11 02:13:00,0
2021-06-11 02:14:00,0
2021-06-11 02:15:00,0
2021-06-11 02:16:00,0
2021-06-11 02:17:00,0
2021-06-11 02:18:00,0
2021-06-11 02:19:00,0
2021-06-11 02:20:00,0
2021-06-11 02:21:00,0
2021-06-11 02:22:00,0
2021-06-11 02:23:00,0
2021-06-11 02:24:00,0
2021-06-11 02:25:00,0
2021-06-11 02:26:00,0
2021-06-11 02:27:00,0
2021-06-11 02:28:00,0
2021-06-11 02:29:00,0
2021-06-11 02:30:00,0
2021-06-11 02:31:00,0
2021-06-11 02:32:00,0
2021-06-11 02:33:00,0
2021-06-11 02:34:00,0
2021-06-11 02:35:00,0
2021-06-11 02:36:00,0
2021-06-11 02:37:00,0
2021-06-11 02:38:00,0
2021-06-11 02:39:00,0
2021-06-11 02:40:00,0
2021-06-11 02:41:00,0
2021-06-11 02:42:00,0
2021-06-11 02:43:00,0
2021-06-11 02:44:00,0
2021-06-11 02:45:00,0
2021-06-11 02:46:00,0
2021-06-11 02:47:00,0
2021-06-11 02:48:00,0
2021-06-11 02:49:00,0
2021-06-11 02:50:00,0
2021-06-11 02:51:00,0
2021-06-11 02:52:00,0
2021-06-11 02:53:00,0
2021-06-11 02:54:00,0
2021-06-11 02:55:00,0
2021-06-11 02:56:00,0
2021-06-11 02:57:00,0
2021-06-11 02:58:00,0
2021-06-11 02:59:00,0
2021-06-11 03:00:00,0
2021-06-11 03:01:00,0
2021-06-11 03:02:00,0
2021-06-11 03:03:00,0
2021-06-11 03:04:00,0
2021-06-11 03:05:00,0
2021-06-11 03:06:00,0
2021-06-11 03:07:00,0
2021-06-11 03:08:00,0
2021-06-11 03:09:00,0
2021-06-11 03:10:00,0
2021-06-11 03:11:00,0
2021-06-11 03:12:00,0
2021-06-11 03:13:00,0
2021-06-11 03:14:00,0
2021-06-11 03:15:00,0
2021-06-11 03:16:00,0
2021-06-11 03:17:00,0
2021-06-11 03:18:00,0
2021-06-11 03:19:00,0
2021-06-11 03:20:00,0
2021-06-11 03:21:00,0
2021-06-11 03:22:00,0
2021-06-11 03:23:00,0
2021-06-11 03:24:00,0
2021-06-11 03:25:00,0
2021-06-11 03:26:00,0
2021-06-11 03:27:00,0
2021-06-11 03:28:00,0
2021-06-11 03:29:00,0
2021-06-11 03:30:00,0
2021-06-11 03:31:00,0
2021-06-11 03:32:00,0
2021-06-11 03:33:00,0
2021-06-11 03:34:00,0
2021-06-11 03:35:00,0
2021-06-11 03:36:00,0
2021-06-11 03:37:00,0
2021-06-11 03:38:00,0
2021-06-11 03:39:00,0
2021-06-11 03:40:00,0
2021-06-11 03:41:00,0
2021-06-11 03:42:00,0
2021-06-11 03:43:00,0
2021-06-11 03:44:00,0
2021-06-11 03:45:00,0
2021-06-11 03:46:00,0
2021-06-11 03:47:00,0
2021-06-11 03:48:00,0
2021-06-11 03:49:00,0
2021-06-11 03:50:00,0
2021-06-11 03:51:00,0
2021-06-11 03:52:00,0
2021-06-11 03:53:00,0
2021-06-11 03:54:00,0
2021-06-11 03:55:00,0
2021-06-11 03:56:00,0
2021-06-11 03:57:00,0
2021-06-11 03:58:00,0
2021-06-11 03:59:00,0
2021-06-11 04:00:00,0
2021-06-11 04:01:00,0
2021-06-11 04:02:00,0
2021-06-11 04:03:00,0
2021-06-11 04:04:00,0
2021-06-11 04:05:00,0
2021-06-11 04:06:00,0
2021-06-11 04:07:00,0
2021-06-11 04:08:00,0
2021-06-11 04:09:00,0
2021-06-11 04:10:00,0
2021-06-11 04:11:00,0
2021-06-11 04:12:00,0
2021-06-11 04:13:00,0
2021-06-11 04:14:00,0
2021-06-11 04:15:00,0
2021-06-11 04:16:00,0
2021-06-11 04:17:00,0
2021-06-11 04:18:00,0
2021-06-11 04:19:00,0
2021-06-11 04:20:00,0
2021-06-11 04:21:00,0
2021-06-11 04:22:00,0
2021-06-11 04:23:00,0
2021-06-11 04:24:00,0
2021-06-11 04:25:00,0
2021-06-11 04:26:00,0
2021-06-11 04:27:00,0
2021-06-11 04:28:00,0
2021-06-11 04:29:00,0
2021-06-11 04:30:00,0
2021-06-11 04:31:00,0
2021-06-11 04:32:00,0
2021-06-11 04:33:00,0
2021-06-11 04:34:00,0
2021-06-11 04:35:00,0
2021-06-11 04:36:00,0
2021-06-11 04:37:00,0
2021-06-11 04:38:00,0
2021-06-11 04:39:00,0
2021-06-11 04:40:00,0
2021-06-11 04:41:00,0
2021-06-11 04:42:00,0
2021-06-11 04:43:00,0
2021-06-11 04:44:00,0
2021-06-11 04:45:00,0
2021-06-11 04:46:00,0
2021-06-11 04:47:00,2
2021-06-11 04:48:00,2
2021-06-11 04:49:00,2
2021-06-11 04:50:00,2
2021-06-11 04:51:00,2
2021-06-11 04:52:00,3
2021-06-11 04:53:00,3
2021-06-11 04:54:00,3
2021-06-11 04:55:00,4
2021-06-11 04:56:00,4
2021-06-11 04:57:00,4
2021-06-11 04:58:00,5
2021-06-11 04:59:00,5
2021-06-11 05:00:00,5
2021-06-11 05:01:00,6
2021-06-11 05:02:00,6
2021-06-11 05:03:00,6
2021-06-11 05:04:00,7
2021-06-11 05:05:00,7
2021-06-11 05:06:00,8
2021-06-11 05:07:00,8
2021-06-11 05:08:00,9
2021-06-11 05:09:00,9
2021-06-11 05:10:00,10
2021-06-11 05:11:00,10
2021-06-11 05:12:00,11
2021-06-11 05:13:00,11
2021-06-11 05:14:00,12
2021-06-11 05:15:00,12
2021-06-11 05:16:00,13
2021-06-11 05:17:00,13
2021-06-11 05:18:00,13
2021-06-11 05:19:00,14
2021-06-11 05:20:00,15
2021-06-11 05:21:00,15
2021-06-11 05:22:00,16
2021-06-11 05:23:00,17
2021-06-11 05:24:00,17
2021-06-11 05:25:00,18
2021-06-11 05:26:00,18
2021-06-11 05:27:00,18
2021-06-11 05:28:00,19
2021-06-11 05:29:00,19
2021-06-11 05:30:00,20
2021-06-11 05:31:00,20
2021-06-11 05:32:00,21
2021-06-11 05:33:00,21
2021-06-11 05:34:00,22
2021-06-11 05:35:00,22
2021-06-11 05:36:00,23
2021-06-11 05:37:00,24
2021-06-11 05:38:00,24
2021-06-11 05:39:00,25
2021-06-11 05:40:00,25
2021-06-11 05:41:00,26
2021-06-11 05:42:00,27
2021-06-11 05:43:00,28
2021-06-11 05:44:00,28
2021-06-11 05:45:00,29
2021-06-11 05:46:00,30
2021-06-11 05:47:00,31
2021-06-11 05:48:00,32
2021-06-11 05:49:00,33
2021-06-11 05:50:00,34
2021-06-11 05:51:00,35
2021-06-11 05:52:00,36
2021-06-11 05:53:00,37
2021-06-11 05:54:00,38
2021-06-11 05:55:00,38
2021-06-11 05:56:00,39
2021-06-11 05:57:00,40
2021-06-11 05:58:00,41
2021-06-11 05:59:00,42
2021-06-11 06:00:00,43
2021-06-11 06:01:00,44
2021-06-11 06:02:00,45
2021-06-11 06:03:00,46
2021-06-11 06:04:00,46
2021-06-11 06:05:00,47
2021-06-11 06:06:00,48
2021-06-11 06:07:00,49
2021-06-11 06:08:00,50
2021-06-11 06:09:00,51
2021-06-11 06:10:00,51
2021-06-11 06:11:00,52
2021-06-11 06:12:00,52
2021-06-11 06:13:00,52
2021-06-11 06:14:00,52
2021-06-11 06:15:00,52
2021-06-11 06:16:00,52
2021-06-11 06:17:00,52
2021-06-11 06:18:00,52
2021-06-11 06:19:00,52
2021-06-11 06:20:00,53
2021-06-11 06:21:00,54
2021-06-11 06:22:00,55
2021-06-11 06:23:00,58
2021-06-11 06:24:00,62
2021-06-11 06:25:00,78
2021-06-11 06:26:00,82
2021-06-11 06:27:00,108
2021-06-11 06:28:00,99
2021-06-11 06:29:00,141
2021-06-11 06:30:00,149
2021-06-11 06:31:00,158
2021-06-11 06:32:00,169
2021-06-11 06:33:00,174
2021-06-11 06:34:00,177
2021-06-11 06:35:00,175
2021-06-11 06:36:00,158
2021-06-11 06:37:00,154
2021-06-11 06:38:00,183
2021-06-11 06:39:00,182
2021-06-11 06:40:00,185
2021-06-11 06:41:00,190
2021-06-11 06:42:00,192
2021-06-11 06:43:00,194
2021-06-11 06:44:00,196
2021-06-11 06:45:00,197
2021-06-11 06:46:00,200
2021-06-11 06:47:00,191
2021-06-11 06:48:00,197
2021-06-11 06:49:00,206
2021-06-11 06:50:00,197
2021-06-11 06:51:00,209
2021-06-11 06:52:00,213
2021-06-11 06:53:00,215
2021-06-11 06:54:00,216
2021-06-11 06:55:00,220
2021-06-11 06:56:00,226
2021-06-11 06:57:00,230
2021-06-11 06:58:00,236
2021-06-11 06:59:00,242
2021-06-11 07:00:00,246
2021-06-11 07:01:00,246
2021-06-11 07:02:00,248
2021-06-11 07:03:00,252
2021-06-11 07:04:00,262
2021-06-11 07:05:00,259
2021-06-11 07:06:00,254
2021-06-11 07:07:00,266
2021-06-11 07:08:00,262
2021-06-11 07:09:00,262
2021-06-11 07:10:00,264
2021-06-11 07:11:00,229
2021-06-11 07:12:00,207
2021-06-11 07:13:00,223
2021-06-11 07:14:00,273
2021-06-11 07:15:00,283
2021-06-11 07:16:00,287
2021-06-11 07:17:00,287
2021-06-11 07:18:00,284
2021-06-11 07:19:00,288
2021-06-11 07:20:00,286
2021-06-11 07:21:00,284
2021-06-11 07:22:00,287
2021-06-11 07:23:00,287
2021-06-11 07:24:00,283
2021-06-11 07:25:00,294
2021-06-11 07:26:00,294
2021-06-11 07:27:00,295
2021-06-11 07:28:00,297
2021-06-11 07:29:00,303
2021-06-11 07:30:00,305
2021-06-11 07:31:00,304
2021-06-11 07:32:00,311
2021-06-11 07:33:00,312
2021-06-11 07:34:00,281
2021-06-11 07:35:00,310
2021-06-11 07:36:00,321
2021-06-11 07:37:00,323
2021-06-11 07:38:00,326
2021-06-11 07:39:00,331
2021-06-11 07:40:00,335
2021-06-11 07:41:00,337
2021-06-11 07:42:00,336
2021-06-11 07:43:00,338
2021-06-11 07:44:00,340
2021-06-11 07:45:00,344
2021-06-11 07:46:00,347
2021-06-11 07:47:00,352
2021-06-11 07:48:00,354
2021-06-11 07:49:00,357
2021-06-11 07:50:00,360
2021-06-11 07:51:00,363
2021-06-11 07:52:00,366
2021-06-11 07:53:00,371
2021-06-11 07:54:00,374
2021-06-11 07:55:00,377
2021-06-11 07:56:00,372
2021-06-11 07:57:00,289
2021-06-11 07:58:00,293
2021-06-11 07:59:00,336
2021-06-11 08:00:00,313
2021-06-11 08:01:00,364
2021-06-11 08:02:00,397
2021-06-11 08:03:00,390
2021-06-11 08:04:00,399
2021-06-11 08:05:00,403
2021-06-11 08:06:00,406
2021-06-11 08:07:00,408
2021-06-11 08:08:00,409
2021-06-11 08:09:00,410
2021-06-11 08:10:00,411
2021-06-11 08:11:00,413
2021-06-11 08:12:00,417
2021-06-11 08:13:00,419
2021-06-11 08:14:00,421
2021-06-11 08:15:00,423
2021-06-11 08:16:00,427
2021-06-11 08:17:00,427
2021-06-11 08:18:00,427
2021-06-11 08:19:00,429
2021-06-11 08:20:00,432
2021-06-11 08:21:00,434
2021-06-11 08:22:00,435
2021-06-11 08:23:00,436
2021-06-11 08:24:00,438
2021-06-11 08:25:00,442
2021-06-11 08:26:00,446
2021-06-11 08:27:00,449
2021-06-11 08:28:00,450
2021-06-11 08:29:00,453
2021-06-11 08:30:00,456
2021-06-11 08:31:00,460
2021-06-11 08:32:00,461
2021-06-11 08:33:00,463
2021-06-11 08:34:00,464
2021-06-11 08:35:00,467
2021-06-11 08:36:00,469
2021-06-11 08:37:00,472
2021-06-11 08:38:00,477
2021-06-11 08:39:00,478
2021-06-11 08:40:00,480
2021-06-11 08:41:00,484
2021-06-11 08:42:00,486
2021-06-11 08:43:00,490
2021-06-11 08:44:00,492
2021-06-11 08:45:00,493
2021-06-11 08:46:00,496
2021-06-11 08:47:00,499
2021-06-11 08:48:00,503
2021-06-11 08:49:00,505
2021-06-11 08:50:00,507
2021-06-11 08:51:00,510
2021-06-11 08:52:00,512
2021-06-11 08:53:00,518
2021-06-11 08:54:00,521
2021-06-11 08:55:00,522
2021-06-11 08:56:00,524
2021-06-11 08:57:00,530
2021-06-11 08:58:00,531
2021-06-11 08:59:00,530
2021-06-11 09:00:00,529
2021-06-11 09:01:00,532
2021-06-11 09:02:00,525
2021-06-11 09:03:00,534
2021-06-11 09:04:00,549
2021-06-11 09:05:00,550
2021-06-11 09:06:00,556
2021-06-11 09:07:00,556
2021-06-11 09:08:00,564
2021-06-11 09:09:00,565
2021-06-11 09:10:00,570
2021-06-11 09:11:00,572
2021-06-11 09:12:00,577
2021-06-11 09:13:00,580
2021-06-11 09:14:00,582
2021-06-11 09:15:00,582
2021-06-11 09:16:00,581
2021-06-11 09:17:00,579
2021-06-11 09:18:00,587
2021-06-11 09:19:00,592
2021-06-11 09:20:00,593
2021-06-11 09:21:00,595
2021-06-11 09:22:00,590
2021-06-11 09:23:00,590
2021-06-11 09:24:00,594
2021-06-11 09:25:00,599
2021-06-11 09:26:00,597
2021-06-11 09:27:00,598
2021-06-11 09:28:00,601
2021-06-11 09:29:00,601
2021-06-11 09:30:00,604
2021-06-11 09:31:00,606
2021-06-11 09:32:00,607
2021-06-11 09:33:00,610
2021-06-11 09:34:00,614
2021-06-11 09:35:00,613
2021-06-11 09:36:00,618
2021-06-11 09:37:00,627
2021-06-11 09:38:00,632
2021-06-11 09:39:00,637
2021-06-11 09:40:00,638
2021-06-11 09:41:00,643
2021-06-11 09:42:00,637
2021-06-11 09:43:00,644
2021-06-11 09:44:00,644
2021-06-11 09:45:00,647
2021-06-11 09:46:00,653
2021-06-11 09:47:00,660
2021-06-11 09:48:00,663
2021-06-11 09:49:00,667
2021-06-11 09:50:00,666
2021-06-11 09:51:00,674
2021-06-11 09:52:00,678
2021-06-11 09:53:00,681
2021-06-11 09:54:00,679
2021-06-11 09:55:00,684
2021-06-11 09:56:00,698
2021-06-11 09:57:00,713
2021-06-11 09:58:00,711
2021-06-11 09:59:00,724
2021-06-11 10:00:00,727
2021-06-11 10:01:00,710
2021-06-11 10:02:00,671
2021-06-11 10:03:00,706
2021-06-11 10:04:00,694
2021-06-11 10:05:00,621
2021-06-11 10:06:00,486
2021-06-11 10:07:00,723
2021-06-11 10:08:00,738
2021-06-11 10:09:00,616
2021-06-11 10:10:00,609
2021-06-11 10:11:00,547
2021-06-11 10:12:00,730
2021-06-11 10:13:00,450
2021-06-11 10:14:00,752
2021-06-11 10:15:00,757
2021-06-11 10:16:00,755
2021-06-11 10:17:00,766
2021-06-11 10:18:00,767
2021-06-11 10:19:00,783
2021-06-11 10:20:00,732
2021-06-11 10:21:00,548
2021-06-11 10:22:00,474
2021-06-11 10:23:00,293
2021-06-11 10:24:00,289
2021-06-11 10:25:00,467
2021-06-11 10:26:00,780
2021-06-11 10:27:00,590
2021-06-11 10:28:00,616
2021-06-11 10:29:00,709
2021-06-11 10:30:00,557
2021-06-11 10:31:00,341
2021-06-11 10:32:00,255
2021-06-11 10:33:00,283
2021-06-11 10:34:00,273
2021-06-11 10:35:00,568
2021-06-11 10:36:00,493
2021-06-11 10:37:00,851
2021-06-11 10:38:00,839
2021-06-11 10:39:00,647
2021-06-11 10:40:00,816
2021-06-11 10:41:00,828
2021-06-11 10:42:00,754
2021-06-11 10:43:00,409
2021-06-11 10:44:00,293
2021-06-11 10:45:00,277
2021-06-11 10:46:00,275
2021-06-11 10:47:00,285
2021-06-11 10:48:00,296
2021-06-11 10:49:00,308
2021-06-11 10:50:00,478
2021-06-11 10:51:00,455
2021-06-11 10:52:00,420
2021-06-11 10:53:00,276
2021-06-11 10:54:00,279
2021-06-11 10:55:00,267
2021-06-11 10:56:00,315
2021-06-11 10:57:00,474
2021-06-11 10:58:00,629
2021-06-11 10:59:00,751
2021-06-11 11:00:00,751
2021-06-11 11:01:00,487
2021-06-11 11:02:00,665
2021-06-11 11:03:00,724
2021-06-11 11:04:00,723
2021-06-11 11:05:00,486
2021-06-11 11:06:00,483
2021-06-11 11:07:00,395
2021-06-11 11:08:00,293
2021-06-11 11:09:00,273
2021-06-11 11:10:00,263
2021-06-11 11:11:00,259
2021-06-11 11:12:00,262
2021-06-11 11:13:00,275
2021-06-11 11:14:00,292
2021-06-11 11:15:00,474
2021-06-11 11:16:00,439
2021-06-11 11:17:00,405
2021-06-11 11:18:00,627
2021-06-11 11:19:00,418
2021-06-11 11:20:00,335
2021-06-11 11:21:00,338
2021-06-11 11:22:00,374
2021-06-11 11:23:00,900
2021-06-11 11:24:00,610
2021-06-11 11:25:00,653
2021-06-11 11:26:00,531
2021-06-11 11:27:00,346
2021-06-11 11:28:00,332
2021-06-11 11:29:00,334
2021-06-11 11:30:00,341
2021-06-11 11:31:00,508
2021-06-11 11:32:00,862
2021-06-11 11:33:00,604
2021-06-11 11:34:00,338
2021-06-11 11:35:00,332
2021-06-11 11:36:00,364
2021-06-11 11:37:00,427
2021-06-11 11:38:00,448
2021-06-11 11:39:00,461
2021-06-11 11:40:00,345
2021-06-11 11:41:00,509
2021-06-11 11:42:00,586
2021-06-11 11:43:00,320
2021-06-11 11:44:00,311
2021-06-11 11:45:00,403
2021-06-11 11:46:00,969
2021-06-11 11:47:00,989
2021-06-11 11:48:00,990
2021-06-11 11:49:00,980
2021-06-11 11:50:00,955
2021-06-11 11:51:00,833
2021-06-11 11:52:00,292
2021-06-11 11:53:00,288
2021-06-11 11:54:00,520
2021-06-11 11:55:00,408
2021-06-11 11:56:00,1002
2021-06-11 11:57:00,986
2021-06-11 11:58:00,979
2021-06-11 11:59:00,964
2021-06-11 12:00:00,946
2021-06-11 12:01:00,897
2021-06-11 12:02:00,617
2021-06-11 12:03:00,600
2021-06-11 12:04:00,731
2021-06-11 12:05:00,926
2021-06-11 12:06:00,931
2021-06-11 12:07:00,935
2021-06-11 12:08:00,935
2021-06-11 12:09:00,934
2021-06-11 12:10:00,933
2021-06-11 12:11:00,933
2021-06-11 12:12:00,932
2021-06-11 12:13:00,935
2021-06-11 12:14:00,939
2021-06-11 12:15:00,946
2021-06-11 12:16:00,832
2021-06-11 12:17:00,250
2021-06-11 12:18:00,229
2021-06-11 12:19:00,284
2021-06-11 12:20:00,249
2021-06-11 12:21:00,461
2021-06-11 12:22:00,673
2021-06-11 12:23:00,662
2021-06-11 12:24:00,265
2021-06-11 12:25:00,573
2021-06-11 12:26:00,229
2021-06-11 12:27:00,237
2021-06-11 12:28:00,466
2021-06-11 12:29:00,676
2021-06-11 12:30:00,690
2021-06-11 12:31:00,895
2021-06-11 12:32:00,975
2021-06-11 12:33:00,967
2021-06-11 12:34:00,978
2021-06-11 12:35:00,983
2021-06-11 12:36:00,411
2021-06-11 12:37:00,228
2021-06-11 12:38:00,360
2021-06-11 12:39:00,210
2021-06-11 12:40:00,206
2021-06-11 12:41:00,211
2021-06-11 12:42:00,226
2021-06-11 12:43:00,250
2021-06-11 12:44:00,800
2021-06-11 12:45:00,1013
2021-06-11 12:46:00,999
2021-06-11 12:47:00,985
2021-06-11 12:48:00,995
2021-06-11 12:49:00,996
2021-06-11 12:50:00,997
2021-06-11 12:51:00,942
2021-06-11 12:52:00,981
2021-06-11 12:53:00,1021
2021-06-11 12:54:00,1014
2021-06-11 12:55:00,825
2021-06-11 12:56:00,561
2021-06-11 12:57:00,937
2021-06-11 12:58:00,660
2021-06-11 12:59:00,1018
2021-06-11 13:00:00,1027
2021-06-11 13:01:00,1018
2021-06-11 13:02:00,1024
2021-06-11 13:03:00,536
2021-06-11 13:04:00,293
2021-06-11 13:05:00,849
2021-06-11 13:06:00,244
2021-06-11 13:07:00,254
2021-06-11 13:08:00,203
2021-06-11 13:09:00,196
2021-06-11 13:10:00,188
2021-06-11 13:11:00,191
2021-06-11 13:12:00,203
2021-06-11 13:13:00,223
2021-06-11 13:14:00,341
2021-06-11 13:15:00,792
2021-06-11 13:16:00,416
2021-06-11 13:17:00,687
2021-06-11 13:18:00,947
2021-06-11 13:19:00,962
2021-06-11 13:20:00,525
2021-06-11 13:21:00,226
2021-06-11 13:22:00,208
2021-06-11 13:23:00,200
2021-06-11 13:24:00,204
2021-06-11 13:25:00,218
2021-06-11 13:26:00,238
2021-06-11 13:27:00,252
2021-06-11 13:28:00,344
2021-06-11 13:29:00,216
2021-06-11 13:30:00,208
2021-06-11 13:31:00,216
2021-06-11 13:32:00,224
2021-06-11 13:33:00,228
2021-06-11 13:34:00,228
2021-06-11 13:35:00,226
2021-06-11 13:36:00,236
2021-06-11 13:37:00,508
2021-06-11 13:38:00,254
2021-06-11 13:39:00,238
2021-06-11 13:40:00,332
2021-06-11 13:41:00,275
2021-06-11 13:42:00,546
2021-06-11 13:43:00,999
2021-06-11 13:44:00,988
2021-06-11 13:45:00,966
2021-06-11 13:46:00,946
2021-06-11 13:47:00,941
2021-06-11 13:48:00,962
2021-06-11 13:49:00,969
2021-06-11 13:50:00,951
2021-06-11 13:51:00,771
2021-06-11 13:52:00,612
2021-06-11 13:53:00,432
2021-06-11 13:54:00,209
2021-06-11 13:55:00,202
2021-06-11 13:56:00,200
2021-06-11 13:57:00,201
2021-06-11 13:58:00,210
2021-06-11 13:59:00,217
2021-06-11 14:00:00,616
2021-06-11 14:01:00,953
2021-06-11 14:02:00,936
2021-06-11 14:03:00,930
2021-06-11 14:04:00,918
2021-06-11 14:05:00,903
2021-06-11 14:06:00,891
2021-06-11 14:07:00,904
2021-06-11 14:08:00,922
2021-06-11 14:09:00,952
2021-06-11 14:10:00,958
2021-06-11 14:11:00,966
2021-06-11 14:12:00,968
2021-06-11 14:13:00,978
2021-06-11 14:14:00,983
2021-06-11 14:15:00,972
2021-06-11 14:16:00,968
2021-06-11 14:17:00,963
2021-06-11 14:18:00,950
2021-06-11 14:19:00,956
2021-06-11 14:20:00,944
2021-06-11 14:21:00,920
2021-06-11 14:22:00,903
2021-06-11 14:23:00,915
2021-06-11 14:24:00,920
2021-06-11 14:25:00,919
2021-06-11 14:26:00,923
2021-06-11 14:27:00,919
2021-06-11 14:28:00,444
2021-06-11 14:29:00,914
2021-06-11 14:30:00,927
2021-06-11 14:31:00,616
2021-06-11 14:32:00,901
2021-06-11 14:33:00,633
2021-06-11 14:34:00,904
2021-06-11 14:35:00,908
2021-06-11 14:36:00,915
2021-06-11 14:37:00,906
2021-06-11 14:38:00,890
2021-06-11 14:39:00,898
2021-06-11 14:40:00,899
2021-06-11 14:41:00,894
2021-06-11 14:42:00,890
2021-06-11 14:43:00,884
2021-06-11 14:44:00,882
2021-06-11 14:45:00,882
2021-06-11 14:46:00,897
2021-06-11 14:47:00,904
2021-06-11 14:48:00,903
2021-06-11 14:49:00,907
2021-06-11 14:50:00,911
2021-06-11 14:51:00,908
2021-06-11 14:52:00,569
2021-06-11 14:53:00,208
2021-06-11 14:54:00,341
2021-06-11 14:55:00,564
2021-06-11 14:56:00,818
2021-06-11 14:57:00,920
2021-06-11 14:58:00,891
2021-06-11 14:59:00,879
2021-06-11 15:00:00,876
2021-06-11 15:01:00,865
2021-06-11 15:02:00,860
2021-06-11 15:03:00,859
2021-06-11 15:04:00,868
2021-06-11 15:05:00,848
2021-06-11 15:06:00,328
2021-06-11 15:07:00,838
2021-06-11 15:08:00,886
2021-06-11 15:09:00,874
2021-06-11 15:10:00,854
2021-06-11 15:11:00,187
2021-06-11 15:12:00,321
2021-06-11 15:13:00,828
2021-06-11 15:14:00,858
2021-06-11 15:15:00,865
2021-06-11 15:16:00,856
2021-06-11 15:17:00,859
2021-06-11 15:18:00,861
2021-06-11 15:19:00,860
2021-06-11 15:20:00,865
2021-06-11 15:21:00,870
2021-06-11 15:22:00,360
2021-06-11 15:23:00,170
2021-06-11 15:24:00,162
2021-06-11 15:25:00,158
2021-06-11 15:26:00,155
2021-06-11 15:27:00,156
2021-06-11 15:28:00,163
2021-06-11 15:29:00,168
2021-06-11 15:30:00,291
2021-06-11 15:31:00,846
2021-06-11 15:32:00,846
2021-06-11 15:33:00,847
2021-06-11 15:34:00,849
2021-06-11 15:35:00,846
2021-06-11 15:36:00,501
2021-06-11 15:37:00,200
2021-06-11 15:38:00,182
2021-06-11 15:39:00,175
2021-06-11 15:40:00,197
2021-06-11 15:41:00,692
2021-06-11 15:42:00,824
2021-06-11 15:43:00,810
2021-06-11 15:44:00,797
2021-06-11 15:45:00,791
2021-06-11 15:46:00,779
2021-06-11 15:47:00,775
2021-06-11 15:48:00,525
2021-06-11 15:49:00,164
2021-06-11 15:50:00,150
2021-06-11 15:51:00,152
2021-06-11 15:52:00,161
2021-06-11 15:53:00,172
2021-06-11 15:54:00,186
2021-06-11 15:55:00,525
2021-06-11 15:56:00,822
2021-06-11 15:57:00,832
2021-06-11 15:58:00,822
2021-06-11 15:59:00,801
2021-06-11 16:00:00,800
2021-06-11 16:01:00,795
2021-06-11 16:02:00,791
2021-06-11 16:03:00,779
2021-06-11 16:04:00,770
2021-06-11 16:05:00,754
2021-06-11 16:06:00,751
2021-06-11 16:07:00,752
2021-06-11 16:08:00,752
2021-06-11 16:09:00,751
2021-06-11 16:10:00,749
2021-06-11 16:11:00,751
2021-06-11 16:12:00,769
2021-06-11 16:13:00,777
2021-06-11 16:14:00,784
2021-06-11 16:15:00,776
2021-06-11 16:16:00,770
2021-06-11 16:17:00,758
2021-06-11 16:18:00,749
2021-06-11 16:19:00,746
2021-06-11 16:20:00,743
2021-06-11 16:21:00,655
2021-06-11 16:22:00,727
2021-06-11 16:23:00,493
2021-06-11 16:24:00,568
2021-06-11 16:25:00,703
2021-06-11 16:26:00,701
2021-06-11 16:27:00,706
2021-06-11 16:28:00,724
2021-06-11 16:29:00,725
2021-06-11 16:30:00,721
2021-06-11 16:31:00,703
2021-06-11 16:32:00,700
2021-06-11 16:33:00,675
2021-06-11 16:34:00,666
2021-06-11 16:35:00,670
2021-06-11 16:36:00,683
2021-06-11 16:37:00,684
2021-06-11 16:38:00,675
2021-06-11 16:39:00,677
2021-06-11 16:40:00,622
2021-06-11 16:41:00,468
2021-06-11 16:42:00,154
2021-06-11 16:43:00,157
2021-06-11 16:44:00,191
2021-06-11 16:45:00,680
2021-06-11 16:46:00,683
2021-06-11 16:47:00,682
2021-06-11 16:48:00,673
2021-06-11 16:49:00,670
2021-06-11 16:50:00,673
2021-06-11 16:51:00,661
2021-06-11 16:52:00,646
2021-06-11 16:53:00,640
2021-06-11 16:54:00,637
2021-06-11 16:55:00,629
2021-06-11 16:56:00,624
2021-06-11 16:57:00,625
2021-06-11 16:58:00,605
2021-06-11 16:59:00,281
2021-06-11 17:00:00,121
2021-06-11 17:01:00,123
2021-06-11 17:02:00,229
2021-06-11 17:03:00,543
2021-06-11 17:04:00,601
2021-06-11 17:05:00,605
2021-06-11 17:06:00,504
2021-06-11 17:07:00,247
2021-06-11 17:08:00,293
2021-06-11 17:09:00,279
2021-06-11 17:10:00,592
2021-06-11 17:11:00,593
2021-06-11 17:12:00,599
2021-06-11 17:13:00,594
2021-06-11 17:14:00,600
2021-06-11 17:15:00,475
2021-06-11 17:16:00,208
2021-06-11 17:17:00,524
2021-06-11 17:18:00,593
2021-06-11 17:19:00,593
2021-06-11 17:20:00,553
2021-06-11 17:21:00,544
2021-06-11 17:22:00,568
2021-06-11 17:23:00,590
2021-06-11 17:24:00,224
2021-06-11 17:25:00,150
2021-06-11 17:26:00,150
2021-06-11 17:27:00,162
2021-06-11 17:28:00,459
2021-06-11 17:29:00,597
2021-06-11 17:30:00,599
2021-06-11 17:31:00,602
2021-06-11 17:32:00,606
2021-06-11 17:33:00,599
2021-06-11 17:34:00,600
2021-06-11 17:35:00,602
2021-06-11 17:36:00,591
2021-06-11 17:37:00,585
2021-06-11 17:38:00,321
2021-06-11 17:39:00,166
2021-06-11 17:40:00,156
2021-06-11 17:41:00,274
2021-06-11 17:42:00,509
2021-06-11 17:43:00,521
2021-06-11 17:44:00,519
2021-06-11 17:45:00,506
2021-06-11 17:46:00,496
2021-06-11 17:47:00,490
2021-06-11 17:48:00,486
2021-06-11 17:49:00,485
2021-06-11 17:50:00,485
2021-06-11 17:51:00,486
2021-06-11 17:52:00,482
2021-06-11 17:53:00,479
2021-06-11 17:54:00,487
2021-06-11 17:55:00,475
2021-06-11 17:56:00,426
2021-06-11 17:57:00,364
2021-06-11 17:58:00,358
2021-06-11 17:59:00,289
2021-06-11 18:00:00,369
2021-06-11 18:01:00,430
2021-06-11 18:02:00,420
2021-06-11 18:03:00,425
2021-06-11 18:04:00,429
2021-06-11 18:05:00,439
2021-06-11 18:06:00,446
2021-06-11 18:07:00,451
2021-06-11 18:08:00,448
2021-06-11 18:09:00,444
2021-06-11 18:10:00,442
2021-06-11 18:11:00,439
2021-06-11 18:12:00,438
2021-06-11 18:13:00,436
2021-06-11 18:14:00,430
2021-06-11 18:15:00,426
2021-06-11 18:16:00,424
2021-06-11 18:17:00,421
2021-06-11 18:18:00,416
2021-06-11 18:19:00,409
2021-06-11 18:20:00,401
2021-06-11 18:21:00,395
2021-06-11 18:22:00,392
2021-06-11 18:23:00,387
2021-06-11 18:24:00,382
2021-06-11 18:25:00,365
2021-06-11 18:26:00,342
2021-06-11 18:27:00,339
2021-06-11 18:28:00,318
2021-06-11 18:29:00,320
2021-06-11 18:30:00,334
2021-06-11 18:31:00,348
2021-06-11 18:32:00,352
2021-06-11 18:33:00,344
2021-06-11 18:34:00,306
2021-06-11 18:35:00,287
2021-06-11 18:36:00,310
2021-06-11 18:37:00,326
2021-06-11 18:38:00,327
2021-06-11 18:39:00,323
2021-06-11 18:40:00,316
2021-06-11 18:41:00,312
2021-06-11 18:42:00,321
2021-06-11 18:43:00,327
2021-06-11 18:44:00,329
2021-06-11 18:45:00,328
2021-06-11 18:46:00,326
2021-06-11 18:47:00,321
2021-06-11 18:48:00,313
2021-06-11 18:49:00,301
2021-06-11 18:50:00,283
2021-06-11 18:51:00,277
2021-06-11 18:52:00,275
2021-06-11 18:53:00,279
2021-06-11 18:54:00,281
2021-06-11 18:55:00,270
2021-06-11 18:56:00,277
2021-06-11 18:57:00,286
2021-06-11 18:58:00,290
2021-06-11 18:59:00,276
2021-06-11 19:00:00,274
2021-06-11 19:01:00,266
2021-06-11 19:02:00,254
2021-06-11 19:03:00,255
2021-06-11 19:04:00,237
2021-06-11 19:05:00,218
2021-06-11 19:06:00,223
2021-06-11 19:07:00,219
2021-06-11 19:08:00,198
2021-06-11 19:09:00,180
2021-06-11 19:10:00,179
2021-06-11 19:11:00,180
2021-06-11 19:12:00,184
2021-06-11 19:13:00,189
2021-06-11 19:14:00,198
2021-06-11 19:15:00,196
2021-06-11 19:16:00,193
2021-06-11 19:17:00,195
2021-06-11 19:18:00,194
2021-06-11 19:19:00,187
2021-06-11 19:20:00,178
2021-06-11 19:21:00,168
2021-06-11 19:22:00,161
2021-06-11 19:23:00,161
2021-06-11 19:24:00,159
2021-06-11 19:25:00,153
2021-06-11 19:26:00,146
2021-06-11 19:27:00,141
2021-06-11 19:28:00,135
2021-06-11 19:29:00,137
2021-06-11 19:30:00,145
2021-06-11 19:31:00,154
2021-06-11 19:32:00,155
2021-06-11 19:33:00,153
2021-06-11 19:34:00,154
2021-06-11 19:35:00,156
2021-06-11 19:36:00,147
2021-06-11 19:37:00,142
2021-06-11 19:38:00,144
2021-06-11 19:39:00,144
2021-06-11 19:40:00,137
2021-06-11 19:41:00,138
2021-06-11 19:42:00,148
2021-06-11 19:43:00,148
2021-06-11 19:44:00,142
2021-06-11 19:45:00,144
2021-06-11 19:46:00,137
2021-06-11 19:47:00,128
2021-06-11 19:48:00,131
2021-06-11 19:49:00,125
2021-06-11 19:50:00,128
2021-06-11 19:51:00,149
2021-06-11 19:52:00,150
2021-06-11 19:53:00,145
2021-06-11 19:54:00,143
2021-06-11 19:55:00,139
2021-06-11 19:56:00,133
2021-06-11 19:57:00,118
2021-06-11 19:58:00,110
2021-06-11 19:59:00,108
2021-06-11 20:00:00,104
2021-06-11 20:01:00,101
2021-06-11 20:02:00,101
2021-06-11 20:03:00,101
2021-06-11 20:04:00,93
2021-06-11 20:05:00,83
2021-06-11 20:06:00,76
2021-06-11 20:07:00,76
2021-06-11 20:08:00,75
2021-06-11 20:09:00,68
2021-06-11 20:10:00,63
2021-06-11 20:11:00,62
2021-06-11 20:12:00,62
2021-06-11 20:13:00,61
2021-06-11 20:14:00,61
2021-06-11 20:15:00,61
2021-06-11 20:16:00,58
2021-06-11 20:17:00,62
2021-06-11 20:18:00,65
2021-06-11 20:19:00,61
2021-06-11 20:20:00,59
2021-06-11 20:21:00,60
2021-06-11 20:22:00,58
2021-06-11 20:23:00,55
2021-06-11 20:24:00,48
2021-06-11 20:25:00,42
2021-06-11 20:26:00,39
2021-06-11 20:27:00,38
2021-06-11 20:28:00,38
2021-06-11 20:29:00,36
2021-06-11 20:30:00,35
2021-06-11 20:31:00,34
2021-06-11 20:32:00,33
2021-06-11 20:33:00,32
2021-06-11 20:34:00,31
2021-06-11 20:35:00,30
2021-06-11 20:36:00,29
2021-06-11 20:37:00,28
2021-06-11 20:38:00,28
2021-06-11 20:39:00,27
2021-06-11 20:40:00,28
2021-06-11 20:41:00,29
2021-06-11 20:42:00,32
2021-06-11 20:43:00,36
2021-06-11 20:44:00,38
2021-06-11 20:45:00,40
2021-06-11 20:46:00,40
2021-06-11 20:47:00,39
2021-06-11 20:48:00,37
2021-06-11 20:49:00,35
2021-06-11 20:50:00,35
2021-06-11 20:51:00,33
2021-06-11 20:52:00,31
2021-06-11 20:53:00,28
2021-06-11 20:54:00,26
2021-06-11 20:55:00,24
2021-06-11 20:56:00,22
2021-06-11 20:57:00,20
2021-06-11 20:58:00,19
2021-06-11 20:59:00,19
2021-06-11 21:00:00,18
2021-06-11 21:01:00,18
2021-06-11 21:02:00,16
2021-06-11 21:03:00,15
2021-06-11 21:04:00,14
2021-06-11 21:05:00,13
2021-06-11 21:06:00,12
2021-06-11 21:07:00,11
2021-06-11 21:08:00,10
2021-06-11 21:09:00,10
2021-06-11 21:10:00,9
2021-06-11 21:11:00,8
2021-06-11 21:12:00,8
2021-06-11 21:13:00,7
2021-06-11 21:14:00,6
2021-06-11 21:15:00,6
2021-06-11 21:16:00,5
2021-06-11 21:17:00,5
2021-06-11 21:18:00,4
2021-06-11 21:19:00,4
2021-06-11 21:20:00,3
2021-06-11 21:21:00,3
2021-06-11 21:22:00,2
2021-06-11 21:23:00,2
2021-06-11 21:24:00,0
2021-06-11 21:25:00,0
2021-06-11 21:26:00,0
2021-06-11 21:27:00,0
2021-06-11 21:28:00,0
2021-06-11 21:29:00,0
2021-06-11 21:30:00,0
2021-06-11 21:31:00,0
2021-06-11 21:32:00,0
2021-06-11 21:33:00,0
2021-06-11 21:34:00,0
2021-06-11 21:35:00,0
2021-06-11 21:36:00,0
2021-06-11 21:37:00,0
2021-06-11 21:38:00,0
2021-06-11 21:39:00,0
2021-06-11 21:40:00,0
2021-06-11 21:41:00,0
2021-06-11 21:42:00,0
2021-06-11 21:43:00,0
2021-06-11 21:44:00,0
2021-06-11 21:45:00,0
2021-06-11 21:46:00,0
2021-06-11 21:47:00,0
2021-06-11 21:48:00,0
2021-06-11 21:49:00,0
2021-06-11 21:50:00,0
2021-06-11 21:51:00,0
2021-06-11 21:52:00,0
2021-06-11 21:53:00,0
2021-06-11 21:54:00,0
2021-06-11 21:55:00,0
2021-06-11 21:56:00,0
2021-06-11 21:57:00,0
2021-06-11 21:58:00,0
2021-06-11 21:59:00,0
2021-06-11 22:00:00,0
2021-06-11 22:01:00,0
2021-06-11 22:02:00,0
2021-06-11 22:03:00,0
2021-06-11 22:04:00,0
2021-06-11 22:05:00,0
2021-06-11 22:06:00,0
2021-06-11 22:07:00,0
2021-06-11 22:08:00,0
2021-06-11 22:09:00,0
2021-06-11 22:10:00,0
2021-06-11 22:11:00,0
2021-06-11 22:12:00,0
2021-06-11 22:13:00,0
2021-06-11 22:14:00,0
2021-06-11 22:15:00,0
2021-06-11 22:16:00,0
2021-06-11 22:17:00,0
2021-06-11 22:18:00,0
2021-06-11 22:19:00,0
2021-06-11 22:20:00,0
2021-06-11 22:21:00,0
2021-06-11 22:22:00,0
2021-06-11 22:23:00,0
2021-06-11 22:24:00,0
2021-06-11 22:25:00,0
2021-06-11 22:26:00,0
2021-06-11 22:27:00,0
2021-06-11 22:28:00,0
2021-06-11 22:29:00,0
2021-06-11 22:30:00,0
2021-06-11 22:31:00,0
2021-06-11 22:32:00,0
2021-06-11 22:33:00,0
2021-06-11 22:34:00,0
2021-06-11 22:35:00,0
2021-06-11 22:36:00,0
2021-06-11 22:37:00,0
2021-06-11 22:38:00,0
2021-06-11 22:39:00,0
2021-06-11 22:40:00,0
2021-06-11 22:41:00,0
2021-06-11 22:42:00,0
2021-06-11 22:43:00,0
2021-06-11 22:44:00,0
2021-06-11 22:45:00,0
2021-06-11 22:46:00,0
2021-06-11 22:47:00,0
2021-06-11 22:48:00,0
2021-06-11 22:49:00,0
2021-06-11 22:50:00,0
2021-06-11 22:51:00,0
2021-06-11 22:52:00,0
2021-06-11 22:53:00,0
2021-06-11 22:54:00,0
2021-06-11 22:55:00,0
2021-06-11 22:56:00,0
2021-06-11 22:57:00,0
2021-06-11 22:58:00,0
2021-06-11 22:59:00,0
2021-06-11 23:00:00,0
2021-06-11 23:01:00,0
2021-06-11 23:02:00,0
2021-06-11 23:03:00,0
2021-06-11 23:04:00,0
2021-06-11 23:05:00,0
2021-06-11 23:06:00,0
2021-06-11 23:07:00,0
2021-06-11 23:08:00,0
2021-06-11 23:09:00,0
2021-06-11 23:10:00,0
2021-06-11 23:11:00,0
2021-06-11 23:12:00,0
2021-06-11 23:13:00,0
2021-06-11 23:14:00,0
2021-06-11 23:15:00,0
2021-06-11 23:16:00,0
2021-06-11 23:17:00,0
2021-06-11 23:18:00,0
2021-06-11 23:19:00,0
2021-06-11 23:20:00,0
2021-06-11 23:21:00,0
2021-06-11 23:22:00,0
2021-06-11 23:23:00,0
2021-06-11 23:24:00,0
2021-06-11 23:25:00,0
2021-06-11 23:26:00,0
2021-06-11 23:27:00,0
2021-06-11 23:28:00,0
2021-06-11 23:29:00,0
2021-06-11 23:30:00,0
2021-06-11 23:31:00,0
2021-06-11 23:32:00,0
2021-06-11 23:33:00,0
2021-06-11 23:34:00,0
2021-06-11 23:35:00,0
2021-06-11 23:36:00,0
2021-06-11 23:37:00,0
2021-06-11 23:38:00,0
2021-06-11 23:39:00,0
2021-06-11 23:40:00,0
2021-06-11 23:41:00,0
2021-06-11 23:42:00,0
2021-06-11 23:43:00,0
2021-06-11 23:44:00,0
2021-06-11 23:45:00,0
2021-06-11 23:46:00,0
2021-06-11 23:47:00,0
2021-06-11 23:48:00,0
2021-06-11 23:49:00,0
2021-06-11 23:50:00,0
2021-06-11 23:51:00,0
2021-06-11 23:52:00,0
2021-06-11 23:53:00,0
2021-06-11 23:54:00,0
2021-06-11 23:55:00,0
2021-06-11 23:56:00,0
2021-06-11 23:57:00,0
2021-06-11 23:58:00,0
2021-06-11 23:59:00,0
2021-06-12 00:00:00,0
2021-06-12 00:01:00,0
2021-06-12 00:02:00,0
2021-06-12 00:03:00,0
2021-06-12 00:04:00,0
2021-06-12 00:05:00,0
2021-06-12 00:06:00,0
2021-06-12 00:07:00,0
2021-06-12 00:08:00,0
2021-06-12 00:09:00,0
2021-06-12 00:10:00,0
2021-06-12 00:11:00,0
2021-06-12 00:12:00,0
2021-06-12 00:13:00,0
2021-06-12 00:14:00,0
2021-06-12 00:15:00,0
2021-06-12 00:16:00,0
2021-06-12 00:17:00,0
2021-06-12 00:18:00,0
2021-06-12 00:19:00,0
2021-06-12 00:20:00,0
2021-06-12 00:21:00,0
2021-06-12 00:22:00,0
2021-06-12 00:23:00,0
2021-06-12 00:24:00,0
2021-06-12 00:25:00,0
2021-06-12 00:26:00,0
2021-06-12 00:27:00,0
2021-06-12 00:28:00,0
2021-06-12 00:29:00,0
2021-06-12 00:30:00,0
2021-06-12 00:31:00,0
2021-06-12 00:32:00,0
2021-06-12 00:33:00,0
2021-06-12 00:34:00,0
2021-06-12 00:35:00,0
2021-06-12 00:36:00,0
2021-06-12 00:37:00,0
2021-06-12 00:38:00,0
2021-06-12 00:39:00,0
2021-06-12 00:40:00,0
2021-06-12 00:41:00,0
2021-06-12 00:42:00,0
2021-06-12 00:43:00,0
2021-06-12 00:44:00,0
2021-06-12 00:45:00,0
2021-06-12 00:46:00,0
2021-06-12 00:47:00,0
2021-06-12 00:48:00,0
2021-06-12 00:49:00,0
2021-06-12 00:50:00,0
2021-06-12 00:51:00,0
2021-06-12 00:52:00,0
2021-06-12 00:53:00,0
2021-06-12 00:54:00,0
2021-06-12 00:55:00,0
2021-06-12 00:56:00,0
2021-06-12 00:57:00,0
2021-06-12 00:58:00,0
2021-06-12 00:59:00,0
2021-06-12 01:00:00,0
2021-06-12 01:01:00,0
2021-06-12 01:02:00,0
2021-06-12 01:03:00,0
2021-06-12 01:04:00,0
2021-06-12 01:05:00,0
2021-06-12 01:06:00,0
2021-06-12 01:07:00,0
2021-06-12 01:08:00,0
2021-06-12 01:09:00,0
2021-06-12 01:10:00,0
2021-06-12 01:11:00,0
2021-06-12 01:12:00,0
2021-06-12 01:13:00,0
2021-06-12 01:14:00,0
2021-06-12 01:15:00,0
2021-06-12 01:16:00,0
2021-06-12 01:17:00,0
2021-06-12 01:18:00,0
2021-06-12 01:19:00,0
2021-06-12 01:20:00,0
2021-06-12 01:21:00,0
2021-06-12 01:22:00,0
2021-06-12 01:23:00,0
2021-06-12 01:24:00,0
2021-06-12 01:25:00,0
2021-06-12 01:26:00,0
2021-06-12 01:27:00,0
2021-06-12 01:28:00,0
2021-06-12 01:29:00,0
2021-06-12 01:30:00,0
2021-06-12 01:31:00,0
2021-06-12 01:32:00,0
2021-06-12 01:33:00,0
2021-06-12 01:34:00,0
2021-06-12 01:35:00,0
2021-06-12 01:36:00,0
2021-06-12 01:37:00,0
2021-06-12 01:38:00,0
2021-06-12 01:39:00,0
2021-06-12 01:40:00,0
2021-06-12 01:41:00,0
2021-06-12 01:42:00,0
2021-06-12 01:43:00,0
2021-06-12 01:44:00,0
2021-06-12 01:45:00,0
2021-06-12 01:46:00,0
2021-06-12 01:47:00,0
2021-06-12 01:48:00,0
2021-06-12 01:49:00,0
2021-06-12 01:50:00,0
2021-06-12 01:51:00,0
2021-06-12 01:52:00,0
2021-06-12 01:53:00,0
2021-06-12 01:54:00,0
2021-06-12 01:55:00,0
2021-06-12 01:56:00,0
2021-06-12 01:57:00,0
2021-06-12 01:58:00,0
2021-06-12 01:59:00,0
2021-06-12 02:00:00,0
2021-06-12 02:01:00,0
2021-06-12 02:02:00,0
2021-06-12 02:03:00,0
2021-06-12 02:04:00,0
2021-06-12 02:05:00,0
2021-06-12 02:06:00,0
2021-06-12 02:07:00,0
2021-06-12 02:08:00,0
2021-06-12 02:09:00,0
2021-06-12 02:10:00,0
2021-06-12 02:11:00,0
2021-06-12 02:12:00,0
2021-06-12 02:13:00,0
2021-06-12 02:14:00,0
2021-06-12 02:15:00,0
2021-06-12 02:16:00,0
2021-06-12 02:17:00,0
2021-06-12 02:18:00,0
2021-06-12 02:19:00,0
2021-06-12 02:20:00,0
2021-06-12 02:21:00,0
2021-06-12 02:22:00,0
2021-06-12 02:23:00,0
2021-06-12 02:24:00,0
2021-06-12 02:25:00,0
2021-06-12 02:26:00,0
2021-06-12 02:27:00,0
2021-06-12 02:28:00,0
2021-06-12 02:29:00,0
2021-06-12 02:30:00,0
2021-06-12 02:31:00,0
2021-06-12 02:32:00,0
2021-06-12 02:33:00,0
2021-06-12 02:34:00,0
2021-06-12 02:35:00,0
2021-06-12 02:36:00,0
2021-06-12 02:37:00,0
2021-06-12 02:38:00,0
2021-06-12 02:39:00,0
2021-06-12 02:40:00,0
2021-06-12 02:41:00,0
2021-06-12 02:42:00,0
2021-06-12 02:43:00,0
2021-06-12 02:44:00,0
2021-06-12 02:45:00,0
2021-06-12 02:46:00,0
2021-06-12 02:47:00,0
2021-06-12 02:48:00,0
2021-06-12 02:49:00,0
2021-06-12 02:50:00,0
2021-06-12 02:51:00,0
2021-06-12 02:52:00,0
2021-06-12 02:53:00,0
2021-06-12 02:54:00,0
2021-06-12 02:55:00,0
2021-06-12 02:56:00,0
2021-06-12 02:57:00,0
2021-06-12 02:58:00,0
2021-06-12 02:59:00,0
2021-06-12 03:00:00,0
2021-06-12 03:01:00,0
2021-06-12 03:02:00,0
2021-06-12 03:03:00,0
2021-06-12 03:04:00,0
2021-06-12 03:05:00,0
2021-06-12 03:06:00,0
2021-06-12 03:07:00,0
2021-06-12 03:08:00,0
2021-06-12 03:09:00,0
2021-06-12 03:10:00,0
2021-06-12 03:11:00,0
2021-06-12 03:12:00,0
2021-06-12 03:13:00,0
2021-06-12 03:14:00,0
2021-06-12 03:15:00,0
2021-06-12 03:16:00,0
2021-06-12 03:17:00,0
2021-06-12 03:18:00,0
2021-06-12 03:19:00,0
2021-06-12 03:20:00,0
2021-06-12 03:21:00,0
2021-06-12 03:22:00,0
2021-06-12 03:23:00,0
2021-06-12 03:24:00,0
2021-06-12 03:25:00,0
2021-06-12 03:26:00,0
2021-06-12 03:27:00,0
2021-06-12 03:28:00,0
2021-06-12 03:29:00,0
2021-06-12 03:30:00,0
2021-06-12 03:31:00,0
2021-06-12 03:32:00,0
2021-06-12 03:33:00,0
2021-06-12 03:34:00,0
2021-06-12 03:35:00,0
2021-06-12 03:36:00,0
2021-06-12 03:37:00,0
2021-06-12 03:38:00,0
2021-06-12 03:39:00,0
2021-06-12 03:40:00,0
2021-06-12 03:41:00,0
2021-06-12 03:42:00,0
2021-06-12 03:43:00,0
2021-06-12 03:44:00,0
2021-06-12 03:45:00,0
2021-06-12 03:46:00,0
2021-06-12 03:47:00,0
2021-06-12 03:48:00,0
2021-06-12 03:49:00,0
2021-06-12 03:50:00,0
2021-06-12 03:51:00,0
2021-06-12 03:52:00,0
2021-06-12 03:53:00,0
2021-06-12 03:54:00,0
2021-06-12 03:55:00,0
2021-06-12 03:56:00,0
2021-06-12 03:57:00,0
2021-06-12 03:58:00,0
2021-06-12 03:59:00,0
2021-06-12 04:00:00,0
2021-06-12 04:01:00,0
2021-06-12 04:02:00,0
2021-06-12 04:03:00,0
2021-06-12 04:04:00,0
2021-06-12 04:05:00,0
2021-06-12 04:06:00,0
2021-06-12 04:07:00,0
2021-06-12 04:08:00,0
2021-06-12 04:09:00,0
2021-06-12 04:10:00,0
2021-06-12 04:11:00,0
2021-06-12 04:12:00,0
2021-06-12 04:13:00,0
2021-06-12 04:14:00,0
2021-06-12 04:15:00,0
2021-06-12 04:16:00,0
2021-06-12 04:17:00,0
2021-06-12 04:18:00,0
2021-06-12 04:19:00,0
2021-06-12 04:20:00,0
2021-06-12 04:21:00,0
2021-06-12 04:22:00,0
2021-06-12 04:23:00,0
2021-06-12 04:24:00,0
2021-06-12 04:25:00,0
2021-06-12 04:26:00,0
2021-06-12 04:27:00,0
2021-06-12 04:28:00,0
2021-06-12 04:29:00,0
2021-06-12 04:30:00,0
2021-06-12 04:31:00,0
2021-06-12 04:32:00,0
2021-06-12 04:33:00,0
2021-06-12 04:34:00,0
2021-06-12 04:35:00,0
2021-06-12 04:36:00,0
2021-06-12 04:37:00,0
2021-06-12 04:38:00,0
2021-06-12 04:39:00,0
2021-06-12 04:40:00,0
2021-06-12 04:41:00,0
2021-06-12 04:42:00,0
2021-06-12 04:43:00,0
2021-06-12 04:44:00,0
2021-06-12 04:45:00,0
2021-06-12 04:46:00,0
2021-06-12 04:47:00,0
2021-06-12 04:48:00,0
2021-06-12 04:49:00,0
2021-06-12 04:50:00,0
2021-06-12 04:51:00,0
2021-06-12 04:52:00,0
2021-06-12 04:53:00,0
2021-06-12 04:54:00,0
2021-06-12 04:55:00,0
2021-06-12 04:56:00,2
2021-06-12 04:57:00,2
2021-06-12 04:58:00,2
2021-06-12 04:59:00,2
2021-06-12 05:00:00,2
2021-06-12 05:01:00,3
2021-06-12 05:02:00,3
2021-06-12 05:03:00,3
2021-06-12 05:04:00,3
2021-06-12 05:05:00,3
2021-06-12 05:06:00,4
2021-06-12 05:07:00,4
2021-06-12 05:08:00,5
2021-06-12 05:09:00,6
2021-06-12 05:10:00,6
2021-06-12 05:11:00,6
2021-06-12 05:12:00,5
2021-06-12 05:13:00,5
2021-06-12 05:14:00,6
2021-06-12 05:15:00,6
2021-06-12 05:16:00,6
2021-06-12 05:17:00,6
2021-06-12 05:18:00,7
2021-06-12 05:19:00,7
2021-06-12 05:20:00,7
2021-06-12 05:21:00,8
2021-06-12 05:22:00,8
2021-06-12 05:23:00,9
2021-06-12 05:24:00,10
2021-06-12 05:25:00,10
2021-06-12 05:26:00,10
2021-06-12 05:27:00,10
2021-06-12 05:28:00,11
2021-06-12 05:29:00,11
2021-06-12 05:30:00,12
2021-06-12 05:31:00,13
2021-06-12 05:32:00,13
2021-06-12 05:33:00,14
2021-06-12 05:34:00,15
2021-06-12 05:35:00,15
2021-06-12 05:36:00,16
2021-06-12 05:37:00,18
2021-06-12 05:38:00,19
2021-06-12 05:39:00,20
2021-06-12 05:40:00,22
2021-06-12 05:41:00,25
2021-06-12 05:42:00,27
2021-06-12 05:43:00,29
2021-06-12 05:44:00,32
2021-06-12 05:45:00,34
2021-06-12 05:46:00,36
2021-06-12 05:47:00,36
2021-06-12 05:48:00,36
2021-06-12 05:49:00,35
2021-06-12 05:50:00,34
2021-06-12 05:51:00,34
2021-06-12 05:52:00,34
2021-06-12 05:53:00,35
2021-06-12 05:54:00,35
2021-06-12 05:55:00,36
2021-06-12 05:56:00,36
2021-06-12 05:57:00,37
2021-06-12 05:58:00,38
2021-06-12 05:59:00,38
2021-06-12 06:00:00,39
2021-06-12 06:01:00,41
2021-06-12 06:02:00,43
2021-06-12 06:03:00,45
2021-06-12 06:04:00,47
2021-06-12 06:05:00,49
2021-06-12 06:06:00,52
2021-06-12 06:07:00,55
2021-06-12 06:08:00,58
2021-06-12 06:09:00,61
2021-06-12 06:10:00,64
2021-06-12 06:11:00,67
2021-06-12 06:12:00,69
2021-06-12 06:13:00,73
2021-06-12 06:14:00,76
2021-06-12 06:15:00,79
2021-06-12 06:16:00,82
2021-06-12 06:17:00,84
2021-06-12 06:18:00,86
2021-06-12 06:19:00,88
2021-06-12 06:20:00,89
2021-06-12 06:21:00,91
2021-06-12 06:22:00,98
2021-06-12 06:23:00,93
2021-06-12 06:24:00,93
2021-06-12 06:25:00,95
2021-06-12 06:26:00,98
2021-06-12 06:27:00,100
2021-06-12 06:28:00,103
2021-06-12 06:29:00,104
2021-06-12 06:30:00,106
2021-06-12 06:31:00,106
2021-06-12 06:32:00,107
2021-06-12 06:33:00,113
2021-06-12 06:34:00,108
2021-06-12 06:35:00,107
2021-06-12 06:36:00,107
2021-06-12 06:37:00,108
2021-06-12 06:38:00,111
2021-06-12 06:39:00,114
2021-06-12 06:40:00,118
2021-06-12 06:41:00,122
2021-06-12 06:42:00,125
2021-06-12 06:43:00,128
2021-06-12 06:44:00,130
2021-06-12 06:45:00,130
2021-06-12 06:46:00,131
2021-06-12 06:47:00,132
2021-06-12 06:48:00,134
2021-06-12 06:49:00,139
2021-06-12 06:50:00,147
2021-06-12 06:51:00,146
2021-06-12 06:52:00,136
2021-06-12 06:53:00,137
2021-06-12 06:54:00,139
2021-06-12 06:55:00,144
2021-06-12 06:56:00,140
2021-06-12 06:57:00,139
2021-06-12 06:58:00,138
2021-06-12 06:59:00,134
2021-06-12 07:00:00,135
2021-06-12 07:01:00,144
2021-06-12 07:02:00,144
2021-06-12 07:03:00,148
2021-06-12 07:04:00,152
2021-06-12 07:05:00,147
2021-06-12 07:06:00,143
2021-06-12 07:07:00,137
2021-06-12 07:08:00,136
2021-06-12 07:09:00,137
2021-06-12 07:10:00,140
2021-06-12 07:11:00,143
2021-06-12 07:12:00,147
2021-06-12 07:13:00,151
2021-06-12 07:14:00,157
2021-06-12 07:15:00,174
2021-06-12 07:16:00,178
2021-06-12 07:17:00,185
2021-06-12 07:18:00,194
2021-06-12 07:19:00,191
2021-06-12 07:20:00,182
2021-06-12 07:21:00,186
2021-06-12 07:22:00,195
2021-06-12 07:23:00,191
2021-06-12 07:24:00,189
2021-06-12 07:25:00,199
2021-06-12 07:26:00,220
2021-06-12 07:27:00,237
2021-06-12 07:28:00,250
2021-06-12 07:29:00,241
2021-06-12 07:30:00,233
2021-06-12 07:31:00,223
2021-06-12 07:32:00,233
2021-06-12 07:33:00,249
2021-06-12 07:34:00,250
2021-06-12 07:35:00,234
2021-06-12 07:36:00,234
2021-06-12 07:37:00,225
2021-06-12 07:38:00,247
2021-06-12 07:39:00,230
2021-06-12 07:40:00,196
2021-06-12 07:41:00,196
2021-06-12 07:42:00,193
2021-06-12 07:43:00,208
2021-06-12 07:44:00,222
2021-06-12 07:45:00,223
2021-06-12 07:46:00,234
2021-06-12 07:47:00,238
2021-06-12 07:48:00,246
2021-06-12 07:49:00,248
2021-06-12 07:50:00,267
2021-06-12 07:51:00,308
2021-06-12 07:52:00,326
2021-06-12 07:53:00,339
2021-06-12 07:54:00,328
2021-06-12 07:55:00,281
2021-06-12 07:56:00,280
2021-06-12 07:57:00,250
2021-06-12 07:58:00,238
2021-06-12 07:59:00,224
2021-06-12 08:00:00,208
2021-06-12 08:01:00,189
2021-06-12 08:02:00,170
2021-06-12 08:03:00,153
2021-06-12 08:04:00,141
2021-06-12 08:05:00,130
2021-06-12 08:06:00,123
2021-06-12 08:07:00,119
2021-06-12 08:08:00,116
2021-06-12 08:09:00,110
2021-06-12 08:10:00,101
2021-06-12 08:11:00,92
2021-06-12 08:12:00,86
2021-06-12 08:13:00,85
2021-06-12 08:14:00,84
2021-06-12 08:15:00,83
2021-06-12 08:16:00,80
2021-06-12 08:17:00,77
2021-06-12 08:18:00,73
2021-06-12 08:19:00,70
2021-06-12 08:20:00,67
2021-06-12 08:21:00,63
2021-06-12 08:22:00,60
2021-06-12 08:23:00,58
2021-06-12 08:24:00,56
2021-06-12 08:25:00,53
2021-06-12 08:26:00,51
2021-06-12 08:27:00,48
2021-06-12 08:28:00,42
2021-06-12 08:29:00,37
2021-06-12 08:30:00,36
2021-06-12 08:31:00,37
2021-06-12 08:32:00,38
2021-06-12 08:33:00,42
2021-06-12 08:34:00,48
2021-06-12 08:35:00,55
2021-06-12 08:36:00,64
2021-06-12 08:37:00,71
2021-06-12 08:38:00,75
2021-06-12 08:39:00,79
2021-06-12 08:40:00,85
2021-06-12 08:41:00,93
2021-06-12 08:42:00,100
2021-06-12 08:43:00,108
2021-06-12 08:44:00,113
2021-06-12 08:45:00,114
2021-06-12 08:46:00,112
2021-06-12 08:47:00,107
2021-06-12 08:48:00,100
2021-06-12 08:49:00,92
2021-06-12 08:50:00,85
2021-06-12 08:51:00,88
2021-06-12 08:52:00,97
2021-06-12 08:53:00,107
2021-06-12 08:54:00,112
2021-06-12 08:55:00,109
2021-06-12 08:56:00,107
2021-06-12 08:57:00,109
2021-06-12 08:58:00,115
2021-06-12 08:59:00,124
2021-06-12 09:00:00,134
2021-06-12 09:01:00,143
2021-06-12 09:02:00,150
2021-06-12 09:03:00,159
2021-06-12 09:04:00,168
2021-06-12 09:05:00,171
2021-06-12 09:06:00,170
2021-06-12 09:07:00,171
2021-06-12 09:08:00,176
2021-06-12 09:09:00,183
2021-06-12 09:10:00,193
2021-06-12 09:11:00,206
2021-06-12 09:12:00,219
2021-06-12 09:13:00,230
2021-06-12 09:14:00,238
2021-06-12 09:15:00,246
2021-06-12 09:16:00,256
2021-06-12 09:17:00,262
2021-06-12 09:18:00,265
2021-06-12 09:19:00,264
2021-06-12 09:20:00,256
2021-06-12 09:21:00,250
2021-06-12 09:22:00,244
2021-06-12 09:23:00,246
2021-06-12 09:24:00,252
2021-06-12 09:25:00,259
2021-06-12 09:26:00,259
2021-06-12 09:27:00,246
2021-06-12 09:28:00,233
2021-06-12 09:29:00,220
2021-06-12 09:30:00,198
2021-06-12 09:31:00,180
2021-06-12 09:32:00,182
2021-06-12 09:33:00,195
2021-06-12 09:34:00,200
2021-06-12 09:35:00,200
2021-06-12 09:36:00,200
2021-06-12 09:37:00,198
2021-06-12 09:38:00,194
2021-06-12 09:39:00,190
2021-06-12 09:40:00,186
2021-06-12 09:41:00,182
2021-06-12 09:42:00,178
2021-06-12 09:43:00,175
2021-06-12 09:44:00,174
2021-06-12 09:45:00,172
2021-06-12 09:46:00,173
2021-06-12 09:47:00,173
2021-06-12 09:48:00,168
2021-06-12 09:49:00,160
2021-06-12 09:50:00,153
2021-06-12 09:51:00,148
2021-06-12 09:52:00,138
2021-06-12 09:53:00,124
2021-06-12 09:54:00,113
2021-06-12 09:55:00,109
2021-06-12 09:56:00,107
2021-06-12 09:57:00,111
2021-06-12 09:58:00,124
2021-06-12 09:59:00,143
2021-06-12 10:00:00,161
2021-06-12 10:01:00,175
2021-06-12 10:02:00,178
2021-06-12 10:03:00,171
2021-06-12 10:04:00,169
2021-06-12 10:05:00,171
2021-06-12 10:06:00,176
2021-06-12 10:07:00,185
2021-06-12 10:08:00,172
2021-06-12 10:09:00,161
2021-06-12 10:10:00,170
2021-06-12 10:11:00,175
2021-06-12 10:12:00,177
2021-06-12 10:13:00,183
2021-06-12 10:14:00,185
2021-06-12 10:15:00,188
2021-06-12 10:16:00,180
2021-06-12 10:17:00,166
2021-06-12 10:18:00,153
2021-06-12 10:19:00,151
2021-06-12 10:20:00,159
2021-06-12 10:21:00,160
2021-06-12 10:22:00,151
2021-06-12 10:23:00,144
2021-06-12 10:24:00,145
2021-06-12 10:25:00,150
2021-06-12 10:26:00,155
2021-06-12 10:27:00,163
2021-06-12 10:28:00,167
2021-06-12 10:29:00,173
2021-06-12 10:30:00,178
2021-06-12 10:31:00,187
2021-06-12 10:32:00,202
2021-06-12 10:33:00,209
2021-06-12 10:34:00,209
2021-06-12 10:35:00,213
2021-06-12 10:36:00,226
2021-06-12 10:37:00,242
2021-06-12 10:38:00,253
2021-06-12 10:39:00,253
2021-06-12 10:40:00,244
2021-06-12 10:41:00,235
2021-06-12 10:42:00,237
2021-06-12 10:43:00,255
2021-06-12 10:44:00,275
2021-06-12 10:45:00,289
2021-06-12 10:46:00,305
2021-06-12 10:47:00,314
2021-06-12 10:48:00,294
2021-06-12 10:49:00,260
2021-06-12 10:50:00,289
2021-06-12 10:51:00,306
2021-06-12 10:52:00,282
2021-06-12 10:53:00,264
2021-06-12 10:54:00,254
2021-06-12 10:55:00,234
2021-06-12 10:56:00,209
2021-06-12 10:57:00,203
2021-06-12 10:58:00,215
2021-06-12 10:59:00,227
2021-06-12 11:00:00,251
2021-06-12 11:01:00,284
2021-06-12 11:02:00,291
2021-06-12 11:03:00,281
2021-06-12 11:04:00,281
2021-06-12 11:05:00,276
2021-06-12 11:06:00,252
2021-06-12 11:07:00,247
2021-06-12 11:08:00,281
2021-06-12 11:09:00,340
2021-06-12 11:10:00,354
2021-06-12 11:11:00,307
2021-06-12 11:12:00,258
2021-06-12 11:13:00,231
2021-06-12 11:14:00,201
2021-06-12 11:15:00,181
2021-06-12 11:16:00,164
2021-06-12 11:17:00,146
2021-06-12 11:18:00,127
2021-06-12 11:19:00,113
2021-06-12 11:20:00,103
2021-06-12 11:21:00,97
2021-06-12 11:22:00,92
2021-06-12 11:23:00,85
2021-06-12 11:24:00,77
2021-06-12 11:25:00,68
2021-06-12 11:26:00,57
2021-06-12 11:27:00,52
2021-06-12 11:28:00,56
2021-06-12 11:29:00,61
2021-06-12 11:30:00,61
2021-06-12 11:31:00,60
2021-06-12 11:32:00,56
2021-06-12 11:33:00,50
2021-06-12 11:34:00,49
2021-06-12 11:35:00,52
2021-06-12 11:36:00,51
2021-06-12 11:37:00,50
2021-06-12 11:38:00,49
2021-06-12 11:39:00,48
2021-06-12 11:40:00,46
2021-06-12 11:41:00,42
2021-06-12 11:42:00,41
2021-06-12 11:43:00,42
2021-06-12 11:44:00,39
2021-06-12 11:45:00,34
2021-06-12 11:46:00,27
2021-06-12 11:47:00,19
2021-06-12 11:48:00,16
2021-06-12 11:49:00,17
2021-06-12 11:50:00,21
2021-06-12 11:51:00,28
2021-06-12 11:52:00,39
2021-06-12 11:53:00,57
2021-06-12 11:54:00,77
2021-06-12 11:55:00,96
2021-06-12 11:56:00,117
2021-06-12 11:57:00,134
2021-06-12 11:58:00,137
2021-06-12 11:59:00,126
2021-06-12 12:00:00,113
2021-06-12 12:01:00,109
2021-06-12 12:02:00,108
2021-06-12 12:03:00,103
2021-06-12 12:04:00,97
2021-06-12 12:05:00,94
2021-06-12 12:06:00,96
2021-06-12 12:07:00,103
2021-06-12 12:08:00,109
2021-06-12 12:09:00,116
2021-06-12 12:10:00,121
2021-06-12 12:11:00,123
2021-06-12 12:12:00,125
2021-06-12 12:13:00,123
2021-06-12 12:14:00,119
2021-06-12 12:15:00,113
2021-06-12 12:16:00,108
2021-06-12 12:17:00,105
2021-06-12 12:18:00,109
2021-06-12 12:19:00,121
2021-06-12 12:20:00,141
2021-06-12 12:21:00,161
2021-06-12 12:22:00,168
2021-06-12 12:23:00,165
2021-06-12 12:24:00,163
2021-06-12 12:25:00,165
2021-06-12 12:26:00,166
2021-06-12 12:27:00,163
2021-06-12 12:28:00,156
2021-06-12 12:29:00,150
2021-06-12 12:30:00,146
2021-06-12 12:31:00,146
2021-06-12 12:32:00,150
2021-06-12 12:33:00,154
2021-06-12 12:34:00,158
2021-06-12 12:35:00,166
2021-06-12 12:36:00,175
2021-06-12 12:37:00,185
2021-06-12 12:38:00,201
2021-06-12 12:39:00,226
2021-06-12 12:40:00,254
2021-06-12 12:41:00,280
2021-06-12 12:42:00,296
2021-06-12 12:43:00,307
2021-06-12 12:44:00,315
2021-06-12 12:45:00,328
2021-06-12 12:46:00,358
2021-06-12 12:47:00,401
2021-06-12 12:48:00,501
2021-06-12 12:49:00,636
2021-06-12 12:50:00,663
2021-06-12 12:51:00,643
2021-06-12 12:52:00,563
2021-06-12 12:53:00,514
2021-06-12 12:54:00,493
2021-06-12 12:55:00,531
2021-06-12 12:56:00,515
2021-06-12 12:57:00,506
2021-06-12 12:58:00,512
2021-06-12 12:59:00,501
2021-06-12 13:00:00,496
2021-06-12 13:01:00,494
2021-06-12 13:02:00,470
2021-06-12 13:03:00,456
2021-06-12 13:04:00,436
2021-06-12 13:05:00,437
2021-06-12 13:06:00,446
2021-06-12 13:07:00,454
2021-06-12 13:08:00,465
2021-06-12 13:09:00,479
2021-06-12 13:10:00,501
2021-06-12 13:11:00,603
2021-06-12 13:12:00,630
2021-06-12 13:13:00,545
2021-06-12 13:14:00,479
2021-06-12 13:15:00,437
2021-06-12 13:16:00,441
2021-06-12 13:17:00,452
2021-06-12 13:18:00,485
2021-06-12 13:19:00,494
2021-06-12 13:20:00,483
2021-06-12 13:21:00,442
2021-06-12 13:22:00,411
2021-06-12 13:23:00,392
2021-06-12 13:24:00,395
2021-06-12 13:25:00,415
2021-06-12 13:26:00,437
2021-06-12 13:27:00,503
2021-06-12 13:28:00,473
2021-06-12 13:29:00,466
2021-06-12 13:30:00,431
2021-06-12 13:31:00,390
2021-06-12 13:32:00,363
2021-06-12 13:33:00,336
2021-06-12 13:34:00,311
2021-06-12 13:35:00,291
2021-06-12 13:36:00,288
2021-06-12 13:37:00,288
2021-06-12 13:38:00,273
2021-06-12 13:39:00,255
2021-06-12 13:40:00,239
2021-06-12 13:41:00,234
2021-06-12 13:42:00,246
2021-06-12 13:43:00,264
2021-06-12 13:44:00,289
2021-06-12 13:45:00,325
2021-06-12 13:46:00,343
2021-06-12 13:47:00,348
2021-06-12 13:48:00,354
2021-06-12 13:49:00,371
2021-06-12 13:50:00,379
2021-06-12 13:51:00,328
2021-06-12 13:52:00,308
2021-06-12 13:53:00,349
2021-06-12 13:54:00,330
2021-06-12 13:55:00,316
2021-06-12 13:56:00,324
2021-06-12 13:57:00,339
2021-06-12 13:58:00,349
2021-06-12 13:59:00,345
2021-06-12 14:00:00,335
2021-06-12 14:01:00,325
2021-06-12 14:02:00,325
2021-06-12 14:03:00,321
2021-06-12 14:04:00,299
2021-06-12 14:05:00,266
2021-06-12 14:06:00,311
2021-06-12 14:07:00,321
2021-06-12 14:08:00,261
2021-06-12 14:09:00,227
2021-06-12 14:10:00,208
2021-06-12 14:11:00,188
2021-06-12 14:12:00,177
2021-06-12 14:13:00,170
2021-06-12 14:14:00,140
2021-06-12 14:15:00,124
2021-06-12 14:16:00,116
2021-06-12 14:17:00,126
2021-06-12 14:18:00,154
2021-06-12 14:19:00,190
2021-06-12 14:20:00,218
2021-06-12 14:21:00,210
2021-06-12 14:22:00,189
2021-06-12 14:23:00,164
2021-06-12 14:24:00,137
2021-06-12 14:25:00,107
2021-06-12 14:26:00,80
2021-06-12 14:27:00,55
2021-06-12 14:28:00,34
2021-06-12 14:29:00,21
2021-06-12 14:30:00,18
2021-06-12 14:31:00,29
2021-06-12 14:32:00,64
2021-06-12 14:33:00,115
2021-06-12 14:34:00,140
2021-06-12 14:35:00,132
2021-06-12 14:36:00,114
2021-06-12 14:37:00,115
2021-06-12 14:38:00,117
2021-06-12 14:39:00,106
2021-06-12 14:40:00,96
2021-06-12 14:41:00,92
2021-06-12 14:42:00,87
2021-06-12 14:43:00,78
2021-06-12 14:44:00,70
2021-06-12 14:45:00,61
2021-06-12 14:46:00,43
2021-06-12 14:47:00,35
2021-06-12 14:48:00,37
2021-06-12 14:49:00,46
2021-06-12 14:50:00,63
2021-06-12 14:51:00,90
2021-06-12 14:52:00,123
2021-06-12 14:53:00,155
2021-06-12 14:54:00,159
2021-06-12 14:55:00,143
2021-06-12 14:56:00,138
2021-06-12 14:57:00,142
2021-06-12 14:58:00,140
2021-06-12 14:59:00,134
2021-06-12 15:00:00,130
2021-06-12 15:01:00,130
2021-06-12 15:02:00,132
2021-06-12 15:03:00,137
2021-06-12 15:04:00,131
2021-06-12 15:05:00,110
2021-06-12 15:06:00,92
2021-06-12 15:07:00,84
2021-06-12 15:08:00,74
2021-06-12 15:09:00,66
2021-06-12 15:10:00,59
2021-06-12 15:11:00,54
2021-06-12 15:12:00,52
2021-06-12 15:13:00,55
2021-06-12 15:14:00,55
2021-06-12 15:15:00,56
2021-06-12 15:16:00,67
2021-06-12 15:17:00,78
2021-06-12 15:18:00,85
2021-06-12 15:19:00,89
2021-06-12 15:20:00,93
2021-06-12 15:21:00,94
2021-06-12 15:22:00,89
2021-06-12 15:23:00,77
2021-06-12 15:24:00,70
2021-06-12 15:25:00,73
2021-06-12 15:26:00,79
2021-06-12 15:27:00,84
2021-06-12 15:28:00,92
2021-06-12 15:29:00,103
2021-06-12 15:30:00,124
2021-06-12 15:31:00,163
2021-06-12 15:32:00,188
2021-06-12 15:33:00,186
2021-06-12 15:34:00,167
2021-06-12 15:35:00,135
2021-06-12 15:36:00,115
2021-06-12 15:37:00,112
2021-06-12 15:38:00,112
2021-06-12 15:39:00,117
2021-06-12 15:40:00,133
2021-06-12 15:41:00,152
2021-06-12 15:42:00,158
2021-06-12 15:43:00,149
2021-06-12 15:44:00,142
2021-06-12 15:45:00,148
2021-06-12 15:46:00,159
2021-06-12 15:47:00,165
2021-06-12 15:48:00,165
2021-06-12 15:49:00,162
2021-06-12 15:50:00,158
2021-06-12 15:51:00,162
2021-06-12 15:52:00,188
2021-06-12 15:53:00,237
2021-06-12 15:54:00,297
2021-06-12 15:55:00,364
2021-06-12 15:56:00,435
2021-06-12 15:57:00,600
2021-06-12 15:58:00,545
2021-06-12 15:59:00,505
2021-06-12 16:00:00,513
2021-06-12 16:01:00,660
2021-06-12 16:02:00,494
2021-06-12 16:03:00,398
2021-06-12 16:04:00,313
2021-06-12 16:05:00,288
2021-06-12 16:06:00,308
2021-06-12 16:07:00,340
2021-06-12 16:08:00,371
2021-06-12 16:09:00,373
2021-06-12 16:10:00,425
2021-06-12 16:11:00,557
2021-06-12 16:12:00,481
2021-06-12 16:13:00,435
2021-06-12 16:14:00,631
2021-06-12 16:15:00,501
2021-06-12 16:16:00,477
2021-06-12 16:17:00,273
2021-06-12 16:18:00,224
2021-06-12 16:19:00,148
2021-06-12 16:20:00,92
2021-06-12 16:21:00,87
2021-06-12 16:22:00,100
2021-06-12 16:23:00,101
2021-06-12 16:24:00,75
2021-06-12 16:25:00,52
2021-06-12 16:26:00,46
2021-06-12 16:27:00,51
2021-06-12 16:28:00,55
2021-06-12 16:29:00,49
2021-06-12 16:30:00,54
2021-06-12 16:31:00,58
2021-06-12 16:32:00,67
2021-06-12 16:33:00,85
2021-06-12 16:34:00,91
2021-06-12 16:35:00,85
2021-06-12 16:36:00,109
2021-06-12 16:37:00,147
2021-06-12 16:38:00,177
2021-06-12 16:39:00,179
2021-06-12 16:40:00,169
2021-06-12 16:41:00,157
2021-06-12 16:42:00,140
2021-06-12 16:43:00,110
2021-06-12 16:44:00,83
2021-06-12 16:45:00,77
2021-06-12 16:46:00,80
2021-06-12 16:47:00,79
2021-06-12 16:48:00,87
2021-06-12 16:49:00,93
2021-06-12 16:50:00,92
2021-06-12 16:51:00,87
2021-06-12 16:52:00,84
2021-06-12 16:53:00,82
2021-06-12 16:54:00,87
2021-06-12 16:55:00,83
2021-06-12 16:56:00,76
2021-06-12 16:57:00,78
2021-06-12 16:58:00,68
2021-06-12 16:59:00,73
2021-06-12 17:00:00,91
2021-06-12 17:01:00,110
2021-06-12 17:02:00,123
2021-06-12 17:03:00,134
2021-06-12 17:04:00,146
2021-06-12 17:05:00,156
2021-06-12 17:06:00,171
2021-06-12 17:07:00,192
2021-06-12 17:08:00,227
2021-06-12 17:09:00,255
2021-06-12 17:10:00,260
2021-06-12 17:11:00,262
2021-06-12 17:12:00,297
2021-06-12 17:13:00,343
2021-06-12 17:14:00,442
2021-06-12 17:15:00,512
2021-06-12 17:16:00,587
2021-06-12 17:17:00,576
2021-06-12 17:18:00,584
2021-06-12 17:19:00,419
2021-06-12 17:20:00,422
2021-06-12 17:21:00,456
2021-06-12 17:22:00,637
2021-06-12 17:23:00,391
2021-06-12 17:24:00,227
2021-06-12 17:25:00,344
2021-06-12 17:26:00,216
2021-06-12 17:27:00,251
2021-06-12 17:28:00,409
2021-06-12 17:29:00,530
2021-06-12 17:30:00,493
2021-06-12 17:31:00,550
2021-06-12 17:32:00,538
2021-06-12 17:33:00,531
2021-06-12 17:34:00,529
2021-06-12 17:35:00,527
2021-06-12 17:36:00,526
2021-06-12 17:37:00,526
2021-06-12 17:38:00,532
2021-06-12 17:39:00,529
2021-06-12 17:40:00,520
2021-06-12 17:41:00,512
2021-06-12 17:42:00,507
2021-06-12 17:43:00,510
2021-06-12 17:44:00,517
2021-06-12 17:45:00,524
2021-06-12 17:46:00,537
2021-06-12 17:47:00,537
2021-06-12 17:48:00,529
2021-06-12 17:49:00,528
2021-06-12 17:50:00,523
2021-06-12 17:51:00,515
2021-06-12 17:52:00,527
2021-06-12 17:53:00,537
2021-06-12 17:54:00,424
2021-06-12 17:55:00,537
2021-06-12 17:56:00,537
2021-06-12 17:57:00,407
2021-06-12 17:58:00,496
2021-06-12 17:59:00,475
2021-06-12 18:00:00,327
2021-06-12 18:01:00,310
2021-06-12 18:02:00,479
2021-06-12 18:03:00,366
2021-06-12 18:04:00,419
2021-06-12 18:05:00,466
2021-06-12 18:06:00,466
2021-06-12 18:07:00,465
2021-06-12 18:08:00,458
2021-06-12 18:09:00,452
2021-06-12 18:10:00,451
2021-06-12 18:11:00,452
2021-06-12 18:12:00,455
2021-06-12 18:13:00,451
2021-06-12 18:14:00,446
2021-06-12 18:15:00,358
2021-06-12 18:16:00,428
2021-06-12 18:17:00,425
2021-06-12 18:18:00,408
2021-06-12 18:19:00,297
2021-06-12 18:20:00,282
2021-06-12 18:21:00,393
2021-06-12 18:22:00,215
2021-06-12 18:23:00,318
2021-06-12 18:24:00,403
2021-06-12 18:25:00,408
2021-06-12 18:26:00,409
2021-06-12 18:27:00,412
2021-06-12 18:28:00,418
2021-06-12 18:29:00,413
2021-06-12 18:30:00,401
2021-06-12 18:31:00,392
2021-06-12 18:32:00,389
2021-06-12 18:33:00,389
2021-06-12 18:34:00,387
2021-06-12 18:35:00,390
2021-06-12 18:36:00,264
2021-06-12 18:37:00,297
2021-06-12 18:38:00,395
2021-06-12 18:39:00,381
2021-06-12 18:40:00,223
2021-06-12 18:41:00,377
2021-06-12 18:42:00,392
2021-06-12 18:43:00,385
2021-06-12 18:44:00,380
2021-06-12 18:45:00,373
2021-06-12 18:46:00,365
2021-06-12 18:47:00,352
2021-06-12 18:48:00,348
2021-06-12 18:49:00,239
2021-06-12 18:50:00,318
2021-06-12 18:51:00,341
2021-06-12 18:52:00,194
2021-06-12 18:53:00,157
2021-06-12 18:54:00,115
2021-06-12 18:55:00,268
2021-06-12 18:56:00,330
2021-06-12 18:57:00,224
2021-06-12 18:58:00,114
2021-06-12 18:59:00,108
2021-06-12 19:00:00,126
2021-06-12 19:01:00,126
2021-06-12 19:02:00,87
2021-06-12 19:03:00,94
2021-06-12 19:04:00,107
2021-06-12 19:05:00,215
2021-06-12 19:06:00,292
2021-06-12 19:07:00,235
2021-06-12 19:08:00,236
2021-06-12 19:09:00,265
2021-06-12 19:10:00,337
2021-06-12 19:11:00,262
2021-06-12 19:12:00,183
2021-06-12 19:13:00,167
2021-06-12 19:14:00,259
2021-06-12 19:15:00,158
2021-06-12 19:16:00,136
2021-06-12 19:17:00,127
2021-06-12 19:18:00,126
2021-06-12 19:19:00,168
2021-06-12 19:20:00,211
2021-06-12 19:21:00,123
2021-06-12 19:22:00,135
2021-06-12 19:23:00,102
2021-06-12 19:24:00,103
2021-06-12 19:25:00,102
2021-06-12 19:26:00,98
2021-06-12 19:27:00,103
2021-06-12 19:28:00,106
2021-06-12 19:29:00,124
2021-06-12 19:30:00,144
2021-06-12 19:31:00,130
2021-06-12 19:32:00,161
2021-06-12 19:33:00,127
2021-06-12 19:34:00,118
2021-06-12 19:35:00,108
2021-06-12 19:36:00,104
2021-06-12 19:37:00,97
2021-06-12 19:38:00,94
2021-06-12 19:39:00,90
2021-06-12 19:40:00,81
2021-06-12 19:41:00,74
2021-06-12 19:42:00,73
2021-06-12 19:43:00,76
2021-06-12 19:44:00,81
2021-06-12 19:45:00,82
2021-06-12 19:46:00,80
2021-06-12 19:47:00,97
2021-06-12 19:48:00,121
2021-06-12 19:49:00,160
2021-06-12 19:50:00,192
2021-06-12 19:51:00,191
2021-06-12 19:52:00,135
2021-06-12 19:53:00,103
2021-06-12 19:54:00,99
2021-06-12 19:55:00,92
2021-06-12 19:56:00,103
2021-06-12 19:57:00,109
2021-06-12 19:58:00,78
2021-06-12 19:59:00,75
2021-06-12 20:00:00,72
2021-06-12 20:01:00,70
2021-06-12 20:02:00,72
2021-06-12 20:03:00,87
2021-06-12 20:04:00,140
2021-06-12 20:05:00,116
2021-06-12 20:06:00,74
2021-06-12 20:07:00,75
2021-06-12 20:08:00,76
2021-06-12 20:09:00,76
2021-06-12 20:10:00,76
2021-06-12 20:11:00,80
2021-06-12 20:12:00,73
2021-06-12 20:13:00,73
2021-06-12 20:14:00,69
2021-06-12 20:15:00,63
2021-06-12 20:16:00,56
2021-06-12 20:17:00,48
2021-06-12 20:18:00,43
2021-06-12 20:19:00,39
2021-06-12 20:20:00,38
2021-06-12 20:21:00,38
2021-06-12 20:22:00,39
2021-06-12 20:23:00,41
2021-06-12 20:24:00,43
2021-06-12 20:25:00,44
2021-06-12 20:26:00,43
2021-06-12 20:27:00,42
2021-06-12 20:28:00,42
2021-06-12 20:29:00,42
2021-06-12 20:30:00,42
2021-06-12 20:31:00,43
2021-06-12 20:32:00,43
2021-06-12 20:33:00,41
2021-06-12 20:34:00,38
2021-06-12 20:35:00,40
2021-06-12 20:36:00,47
2021-06-12 20:37:00,39
2021-06-12 20:38:00,31
2021-06-12 20:39:00,31
2021-06-12 20:40:00,30
2021-06-12 20:41:00,28
2021-06-12 20:42:00,25
2021-06-12 20:43:00,24
2021-06-12 20:44:00,23
2021-06-12 20:45:00,24
2021-06-12 20:46:00,25
2021-06-12 20:47:00,29
2021-06-12 20:48:00,33
2021-06-12 20:49:00,29
2021-06-12 20:50:00,26
2021-06-12 20:51:00,30
2021-06-12 20:52:00,30
2021-06-12 20:53:00,30
2021-06-12 20:54:00,29
2021-06-12 20:55:00,28
2021-06-12 20:56:00,27
2021-06-12 20:57:00,25
2021-06-12 20:58:00,23
2021-06-12 20:59:00,21
2021-06-12 21:00:00,20
2021-06-12 21:01:00,19
2021-06-12 21:02:00,18
2021-06-12 21:03:00,17
2021-06-12 21:04:00,16
2021-06-12 21:05:00,15
2021-06-12 21:06:00,15
2021-06-12 21:07:00,15
2021-06-12 21:08:00,14
2021-06-12 21:09:00,14
2021-06-12 21:10:00,13
2021-06-12 21:11:00,12
2021-06-12 21:12:00,11
2021-06-12 21:13:00,10
2021-06-12 21:14:00,9
2021-06-12 21:15:00,9
2021-06-12 21:16:00,8
2021-06-12 21:17:00,8
2021-06-12 21:18:00,7
2021-06-12 21:19:00,7
2021-06-12 21:20:00,6
2021-06-12 21:21:00,6
2021-06-12 21:22:00,5
2021-06-12 21:23:00,5
2021-06-12 21:24:00,5
2021-06-12 21:25:00,4
2021-06-12 21:26:00,4
2021-06-12 21:27:00,3
2021-06-12 21:28:00,3
2021-06-12 21:29:00,3
2021-06-12 21:30:00,2
2021-06-12 21:31:00,2
2021-06-12 21:32:00,2
2021-06-12 21:33:00,2
2021-06-12 21:34:00,2
2021-06-12 21:35:00,2
2021-06-12 21:36:00,2
2021-06-12 21:37:00,0
2021-06-12 21:38:00,0
2021-06-12 21:39:00,0
2021-06-12 21:40:00,0
2021-06-12 21:41:00,0
2021-06-12 21:42:00,0
2021-06-12 21:43:00,0
2021-06-12 21:44:00,0
2021-06-12 21:45:00,0
2021-06-12 21:46:00,0
2021-06-12 21:47:00,0
2021-06-12 21:48:00,0
2021-06-12 21:49:00,0
2021-06-12 21:50:00,0
2021-06-12 21:51:00,0
2021-06-12 21:52:00,0
2021-06-12 21:53:00,0
2021-06-12 21:54:00,0
2021-06-12 21:55:00,0
2021-06-12 21:56:00,0
2021-06-12 21:57:00,0
2021-06-12 21:58:00,0
2021-06-12 21:59:00,0
2021-06-12 22:00:00,0
2021-06-12 22:01:00,0
2021-06-12 22:02:00,0
2021-06-12 22:03:00,0
2021-06-12 22:04:00,0
2021-06-12 22:05:00,0
2021-06-12 22:06:00,0
2021-06-12 22:07:00,0
2021-06-12 22:08:00,0
2021-06-12 22:09:00,0
2021-06-12 22:10:00,0
2021-06-12 22:11:00,0
2021-06-12 22:12:00,0
2021-06-12 22:13:00,0
2021-06-12 22:14:00,0
2021-06-12 22:15:00,0
2021-06-12 22:16:00,0
2021-06-12 22:17:00,0
2021-06-12 22:18:00,0
2021-06-12 22:19:00,0
2021-06-12 22:20:00,0
2021-06-12 22:21:00,0
2021-06-12 22:22:00,0
2021-06-12 22:23:00,0
2021-06-12 22:24:00,0
2021-06-12 22:25:00,0
2021-06-12 22:26:00,0
2021-06-12 22:27:00,0
2021-06-12 22:28:00,0
2021-06-12 22:29:00,0
2021-06-12 22:30:00,0
2021-06-12 22:31:00,0
2021-06-12 22:32:00,0
2021-06-12 22:33:00,0
2021-06-12 22:34:00,0
2021-06-12 22:35:00,0
2021-06-12 22:36:00,0
2021-06-12 22:37:00,0
2021-06-12 22:38:00,0
2021-06-12 22:39:00,0
2021-06-12 22:40:00,0
2021-06-12 22:41:00,0
2021-06-12 22:42:00,0
2021-06-12 22:43:00,0
2021-06-12 22:44:00,0
2021-06-12 22:45:00,0
2021-06-12 22:46:00,0
2021-06-12 22:47:00,0
2021-06-12 22:48:00,0
2021-06-12 22:49:00,0
2021-06-12 22:50:00,0
2021-06-12 22:51:00,0
2021-06-12 22:52:00,0
2021-06-12 22:53:00,0
2021-06-12 22:54:00,0
2021-06-12 22:55:00,0
2021-06-12 22:56:00,0
2021-06-12 22:57:00,0
2021-06-12 22:58:00,0
2021-06-12 22:59:00,0
2021-06-12 23:00:00,0
2021-06-12 23:01:00,0
2021-06-12 23:02:00,0
2021-06-12 23:03:00,0
2021-06-12 23:04:00,0
2021-06-12 23:05:00,0
2021-06-12 23:06:00,0
2021-06-12 23:07:00,0
2021-06-12 23:08:00,0
2021-06-12 23:09:00,0
2021-06-12 23:10:00,0
2021-06-12 23:11:00,0
2021-06-12 23:12:00,0
2021-06-12 23:13:00,0
2021-06-12 23:14:00,0
2021-06-12 23:15:00,0
2021-06-12 23:16:00,0
2021-06-12 23:17:00,0
2021-06-12 23:18:00,0
2021-06-12 23:19:00,0
2021-06-12 23:20:00,0
2021-06-12 23:21:00,0
2021-06-12 23:22:00,0
2021-06-12 23:23:00,0
2021-06-12 23:24:00,0
2021-06-12 23:25:00,0
2021-06-12 23:26:00,0
2021-06-12 23:27:00,0
2021-06-12 23:28:00,0
2021-06-12 23:29:00,0
2021-06-12 23:30:00,0
2021-06-12 23:31:00,0
2021-06-12 23:32:00,0
2021-06-12 23:33:00,0
2021-06-12 23:34:00,0
2021-06-12 23:35:00,0
2021-06-12 23:36:00,0
2021-06-12 23:37:00,0
2021-06-12 23:38:00,0
2021-06-12 23:39:00,0
2021-06-12 23:40:00,0
2021-06-12 23:41:00,0
2021-06-12 23:42:00,0
2021-06-12 23:43:00,0
2021-06-12 23:44:00,0
2021-06-12 23:45:00,0
2021-06-12 23:46:00,0
2021-06-12 23:47:00,0
2021-06-12 23:48:00,0
2021-06-12 23:49:00,0
2021-06-12 23:50:00,0
2021-06-12 23:51:00,0
2021-06-12 23:52:00,0
2021-06-12 23:53:00,0
2021-06-12 23:54:00,0
2021-06-12 23:55:00,0
2021-06-12 23:56:00,0
2021-06-12 23:57:00,0
2021-06-12 23:58:00,0
2021-06-12 23:59:00,0
